genus,species,genome,old_taxid,new_taxid,species_has_match,new_in_match,reclassified
Acinetobacter,baumannii,GCF_001433045.1,106654,470,True,False,True
Acinetobacter,pittii,GCF_000341835.1,1235833,48296,True,False,True
Acinetobacter,pittii,GCF_000746375.1,471,48296,True,False,True
Acinetobacter,pittii,GCF_000681535.1,1310642,48296,True,False,True
Aeromonas,dhakensis,GCF_000298055.1,1073377,196024,True,False,True
Aliivibrio,wodanis,GCF_001557995.1,80852,2315225,True,True,False
Aliivibrio,wodanis,GCF_001557865.1,80852,2315222,True,True,False
Aliivibrio,wodanis,GCF_001557935.1,80852,2315224,True,True,False
Aliivibrio,wodanis,GCF_001557835.1,80852,2315221,True,True,False
Aliivibrio,wodanis,GCF_001557785.1,80852,752519,True,True,False
Aliivibrio,wodanis,GCF_001557915.1,80852,2315223,True,True,False
Bacillus,amyloliquefaciens,GCF_000973485.1,1390,492670,True,True,False
Bacillus,amyloliquefaciens,GCF_000833005.1,1390,492670,True,True,False
Bacillus,amyloliquefaciens,GCF_000815275.1,1390,492670,True,True,False
Bacillus,cereus,GCF_000291015.1,1053168,155322,True,True,False
Bacillus,cereus,GCF_000293605.1,1053197,1405,True,True,False
Bacillus,cereus,GCF_000520915.1,1433293,1396,True,False,True
Bacillus,cereus,GCF_000291335.1,1053198,1405,True,True,False
Bacillus,cereus,GCF_000291315.1,1053199,1405,True,True,False
Bacillus,cereus,GCF_000293565.1,1053194,1890302,True,True,False
Bacillus,cereus,GCF_000291495.1,1053180,1890302,True,True,False
Bacillus,cereus,GCF_000291095.1,1053210,155322,True,True,False
Bacillus,cereus,GCF_000291375.1,1053191,1890302,True,True,False
Bacillus,cereus,GCF_000948245.1,1396,155322,True,True,False
Bacillus,cereus,GCF_000161335.1,526990,1405,True,True,False
Bacillus,cereus,GCF_000160975.1,526972,1405,True,True,False
Bacillus,cereus,GCF_000290895.1,1053227,1405,True,True,False
Bacillus,cereus,GCF_001044575.1,1396,1890302,True,True,False
Bacillus,endophyticus,GCF_000283255.1,1196029,1402861,True,True,False
Bacillus,endophyticus,GCF_000972245.3,135735,1402861,True,True,False
Bacillus,licheniformis,GCF_000559105.1,1348578,1925021,True,True,False
Bacillus,mojavensis,GCF_000404285.1,1329377,260554,True,True,False
Bacillus,mycoides,GCF_000161435.1,526999,64104,True,True,False
Bacillus,mycoides,GCF_000161415.1,526998,64104,True,True,False
Bacillus,mycoides,GCF_000746965.1,1405,64104,True,True,False
Bacillus,mycoides,GCF_000832885.1,412694,64104,True,False,True
Bacillus,mycoides,GCF_000742855.1,1405,64104,True,True,False
Bacillus,paralicheniformis,GCF_001188525.1,1402,1648923,True,False,True
Bacillus,pumilus,GCF_001043695.1,1408,561879,True,True,False
Bacillus,pumilus,GCF_001038765.1,1408,561879,True,True,False
Bacillus,pumilus,GCF_000828455.1,1408,293387,True,True,False
Bacillus,pumilus,GCF_001431785.1,1408,293387,True,True,False
Bacillus,pumilus,GCF_001038905.1,1408,561879,True,True,False
Bacillus,pumilus,GCF_000225935.1,1076692,293387,True,True,False
Bacillus,pumilus,GCF_001431145.1,1408,293387,True,True,False
Bacillus,pumilus,GCF_001191605.1,1408,293387,True,True,False
Bacillus,pumilus,GCF_001543165.1,1408,293387,True,True,False
Bacillus,pumilus,GCF_000299555.1,1227811,293387,True,True,False
Bacillus,pumilus,GCF_000972685.1,1408,293387,True,True,False
Bacillus,subtilis,GCF_001566945.1,1423,1963032,True,True,False
Bacillus,subtilis,GCF_000959025.1,1423,1963032,True,True,False
Bacillus,subtilis,GCF_000743215.1,1423,1963032,True,True,False
Bacillus,subtilis,GCF_001278955.1,227866,1423,True,False,True
Bacteroides,fragilis,GCF_001580105.1,246787,817,True,False,True
Bradyrhizobium,diazoefficiens,GCF_000473025.1,1038861,1355477,True,False,True
Bradyrhizobium,diazoefficiens,GCF_001280585.1,375,1355477,True,False,True
Burkholderia,lata,GCF_001038835.1,482957,292,True,True,False
Campylobacter,coli,GCF_001291705.1,197,195,True,False,True
Campylobacter,coli,GCF_001292465.1,197,195,True,False,True
Campylobacter,coli,GCF_001291625.1,197,195,True,False,True
Campylobacter,coli,GCF_001291565.1,197,195,True,False,True
Campylobacter,coli,GCF_001291945.1,197,195,True,False,True
Campylobacter,coli,GCF_001291645.1,197,195,True,False,True
Campylobacter,coli,GCF_001291685.1,197,195,True,False,True
Campylobacter,fetus,GCF_001486965.1,32019,198,True,True,False
Campylobacter,fetus,GCF_001486805.1,32019,198,True,True,False
Campylobacter,jejuni,GCF_001292485.1,195,197,True,False,True
Campylobacter,jejuni,GCF_001292265.1,195,197,True,False,True
Campylobacter,jejuni,GCF_001292205.1,195,197,True,False,True
Chlamydia,psittaci,GCF_000417735.2,1238235,1457141,True,True,False
Comamonas,testosteroni,GCF_000761395.1,285,363952,True,True,False
Comamonas,testosteroni,GCF_000761315.1,285,363952,True,True,False
Comamonas,testosteroni,GCF_000761265.1,285,363952,True,True,False
Comamonas,testosteroni,GCF_000813605.1,285,363952,True,True,False
Comamonas,testosteroni,GCF_000093145.3,688245,363952,True,True,False
Comamonas,testosteroni,GCF_000761235.1,285,363952,True,True,False
Comamonas,testosteroni,GCF_000761375.1,285,363952,True,True,False
Comamonas,testosteroni,GCF_000761355.1,285,363952,True,True,False
Comamonas,testosteroni,GCF_000761255.1,285,363952,True,True,False
Corynebacterium,jeikeium,GCF_001055915.1,38289,2715675,True,True,False
Corynebacterium,jeikeium,GCF_001076435.1,38289,2715676,True,True,False
Corynebacterium,jeikeium,GCF_001055995.1,38289,2715674,True,True,False
Cronobacter,malonaticus,GCF_000504545.1,1401659,413503,True,False,True
Enterobacter,asburiae,GCF_000812425.1,61645,1812935,True,True,False
Enterobacter,cloacae,GCF_900075265.1,550,158836,True,True,False
Enterobacter,cloacae,GCF_900075505.1,550,158836,True,True,False
Enterobacter,cloacae,GCF_900075725.1,550,158836,True,True,False
Enterobacter,cloacae,GCF_900075195.1,550,158836,True,True,False
Enterobacter,cloacae,GCF_900075295.1,550,158836,True,True,False
Enterobacter,cloacae,GCF_900075985.1,550,158836,True,True,False
Enterobacter,cloacae,GCF_900075105.1,550,158836,True,True,False
Enterobacter,cloacae,GCF_900075135.1,550,158836,True,True,False
Enterobacter,cloacae,GCF_900075005.1,550,158836,True,True,False
Enterobacter,cloacae,GCF_900075755.1,550,158836,True,True,False
Enterobacter,cloacae,GCF_900075245.1,550,158836,True,True,False
Enterobacter,cloacae,GCF_900075795.1,550,158836,True,True,False
Enterobacter,cloacae,GCF_900075055.1,550,158836,True,True,False
Enterobacter,cloacae,GCF_900075615.1,550,158836,True,True,False
Enterobacter,cloacae,GCF_900075975.1,550,158836,True,True,False
Enterobacter,cloacae,GCF_900076045.1,550,158836,True,True,False
Enterobacter,cloacae,GCF_900075385.1,550,158836,True,True,False
Enterobacter,cloacae,GCF_900075345.1,550,158836,True,True,False
Enterobacter,cloacae,GCF_900075155.1,550,158836,True,True,False
Enterobacter,cloacae,GCF_900075445.1,550,158836,True,True,False
Enterobacter,cloacae,GCF_900075665.1,550,158836,True,True,False
Enterobacter,cloacae,GCF_900075585.1,550,158836,True,True,False
Enterobacter,cloacae,GCF_001276405.1,336306,158836,True,True,False
Enterobacter,cloacae,GCF_900075185.1,550,158836,True,True,False
Enterobacter,cloacae,GCF_900075315.1,550,158836,True,True,False
Enterobacter,cloacae,GCF_000492455.1,1329855,158836,True,True,False
Enterobacter,cloacae,GCF_900076055.1,550,158836,True,True,False
Enterobacter,cloacae,GCF_001276425.1,336306,158836,True,True,False
Enterobacter,cloacae,GCF_900075305.1,550,158836,True,True,False
Enterobacter,cloacae,GCF_000770745.1,550,158836,True,True,False
Enterobacter,cloacae,GCF_900075655.1,550,158836,True,True,False
Enterobacter,cloacae,GCF_900075535.1,550,158836,True,True,False
Enterobacter,cloacae,GCF_900075765.1,550,158836,True,True,False
Enterobacter,cloacae,GCF_900075575.1,550,158836,True,True,False
Enterobacter,cloacae,GCF_900075745.1,550,158836,True,True,False
Enterobacter,cloacae,GCF_900076035.1,550,158836,True,True,False
Enterobacter,cloacae,GCF_000534455.1,1329846,158836,True,True,False
Enterobacter,cloacae,GCF_001030145.1,550,158836,True,True,False
Enterobacter,cloacae,GCF_900075825.1,550,158836,True,True,False
Enterobacter,cloacae,GCF_001030195.1,550,158836,True,True,False
Enterobacter,cloacae,GCF_900075085.1,550,158836,True,True,False
Enterobacter,cloacae,GCF_001022435.2,299767,299766,True,False,True
Enterobacter,cloacae,GCF_900075905.1,550,158836,True,True,False
Enterobacter,cloacae,GCF_900075365.1,550,158836,True,True,False
Enterobacter,cloacae,GCF_900076235.1,550,158836,True,True,False
Enterobacter,cloacae,GCF_001316615.1,336306,158836,True,True,False
Enterobacter,cloacae,GCF_900075475.1,550,158836,True,True,False
Enterobacter,cloacae,GCF_000692315.1,1439329,158836,True,True,False
Enterobacter,cloacae,GCF_900075635.1,550,158836,True,True,False
Enterobacter,cloacae,GCF_900074995.1,550,158836,True,True,False
Enterobacter,cloacae,GCF_900075205.1,550,158836,True,True,False
Enterobacter,cloacae,GCF_900075045.1,550,158836,True,True,False
Enterobacter,cloacae,GCF_900075125.1,550,158836,True,True,False
Enterobacter,cloacae,GCF_900075835.1,550,158836,True,True,False
Enterobacter,cloacae,GCF_000747015.1,550,158836,True,True,False
Enterobacter,cloacae,GCF_000534295.1,1400146,158836,True,True,False
Enterobacter,cloacae,GCF_900074965.1,550,158836,True,True,False
Enterobacter,cloacae,GCF_000534215.1,1400149,158836,True,True,False
Enterobacter,cloacae,GCF_900075395.1,550,158836,True,True,False
Enterobacter,cloacae,GCF_900075405.1,550,158836,True,True,False
Enterobacter,cloacae,GCF_000958805.1,550,158836,True,True,False
Enterobacter,cloacae,GCF_900075675.1,550,158836,True,True,False
Enterobacter,cloacae,GCF_900074985.1,550,158836,True,True,False
Enterobacter,cloacae,GCF_900075275.1,550,158836,True,True,False
Enterobacter,cloacae,GCF_900075115.1,550,158836,True,True,False
Enterobacter,cloacae,GCF_900075235.1,550,158836,True,True,False
Enterobacter,cloacae,GCF_900075355.1,550,158836,True,True,False
Enterobacter,cloacae,GCF_900075775.1,550,158836,True,True,False
Enterobacter,cloacae,GCF_900076225.1,550,158836,True,True,False
Enterobacter,cloacae,GCF_001469415.1,550,158836,True,True,False
Enterobacter,cloacae,GCF_900075035.1,550,158836,True,True,False
Enterobacter,cloacae,GCF_900075875.1,550,158836,True,True,False
Enterobacter,cloacae,GCF_900075695.1,550,158836,True,True,False
Enterobacter,cloacae,GCF_900075325.1,550,158836,True,True,False
Enterobacter,cloacae,GCF_900076005.1,550,158836,True,True,False
Enterobacter,cloacae,GCF_900075845.1,550,158836,True,True,False
Enterobacter,cloacae,GCF_900075605.1,550,158836,True,True,False
Enterobacter,cloacae,GCF_900075255.1,550,158836,True,True,False
Enterobacter,cloacae,GCF_900075465.1,550,158836,True,True,False
Enterobacter,cloacae,GCF_000952315.1,550,158836,True,True,False
Enterobacter,cloacae,GCF_900075215.1,550,158836,True,True,False
Enterobacter,cloacae,GCF_900075375.1,550,158836,True,True,False
Enterobacter,cloacae,GCF_900075735.1,550,158836,True,True,False
Enterobacter,cloacae,GCF_900075865.1,550,158836,True,True,False
Enterobacter,cloacae,GCF_900075455.1,550,158836,True,True,False
Enterobacter,cloacae,GCF_900075415.1,550,158836,True,True,False
Enterobacter,hormaechei,GCF_001525445.1,158836,1812934,True,True,False
Enterobacter,hormaechei,GCF_000957645.1,301102,1296536,True,True,False
Enterobacter,hormaechei,GCF_001518545.1,301102,1296536,True,True,False
Enterobacter,hormaechei,GCF_001010875.1,550,158836,True,False,True
Enterobacter,hormaechei,GCF_000952215.1,550,158836,True,False,True
Enterobacter,hormaechei,GCF_000802705.1,301102,1296536,True,True,False
Enterobacter,hormaechei,GCF_000958365.1,301102,1296536,True,True,False
Enterobacter,hormaechei,GCF_001471215.1,301102,1296536,True,True,False
Enterobacter,hormaechei,GCF_001518145.1,301102,1296536,True,True,False
Enterobacter,hormaechei,GCF_001631265.1,301102,1296536,True,True,False
Enterobacter,hormaechei,GCF_000956665.1,301102,1296536,True,True,False
Enterobacter,hormaechei,GCF_001525305.1,301102,1296536,True,True,False
Enterobacter,hormaechei,GCF_000952405.1,550,158836,True,False,True
Enterobacter,hormaechei,GCF_001025055.1,550,158836,True,False,True
Enterobacter,hormaechei,GCF_001022735.1,301102,1296536,True,True,False
Enterobacter,hormaechei,GCF_000952755.1,550,158836,True,False,True
Enterobacter,hormaechei,GCF_001472175.1,301102,1296536,True,True,False
Enterobacter,hormaechei,GCF_000958725.1,550,158836,True,False,True
Enterobacter,hormaechei,GCF_001011895.1,301102,1296536,True,True,False
Enterobacter,hormaechei,GCF_000784095.1,301102,1296536,True,True,False
Enterobacter,hormaechei,GCF_000958695.1,550,158836,True,False,True
Enterobacter,hormaechei,GCF_000956675.1,301102,1296536,True,True,False
Enterobacter,hormaechei,GCF_001525155.1,301102,1296536,True,True,False
Enterobacter,hormaechei,GCF_001472605.1,301102,1296536,True,True,False
Enterobacter,hormaechei,GCF_000952675.1,550,158836,True,False,True
Enterobacter,hormaechei,GCF_000949365.1,1328422,158836,True,False,True
Enterobacter,hormaechei,GCF_000952555.1,550,158836,True,False,True
Enterobacter,hormaechei,GCF_001518275.1,301102,1296536,True,True,False
Enterobacter,hormaechei,GCF_000957835.1,301102,1296536,True,True,False
Enterobacter,hormaechei,GCF_000952455.1,550,158836,True,False,True
Enterobacter,hormaechei,GCF_000957335.1,301102,1296536,True,True,False
Enterobacter,hormaechei,GCF_000784195.1,301102,1296536,True,True,False
Enterobacter,hormaechei,GCF_000958245.1,301102,1296536,True,True,False
Enterobacter,hormaechei,GCF_000956825.1,301102,1296536,True,True,False
Enterobacter,hormaechei,GCF_000802845.1,301102,1296536,True,True,False
Enterobacter,hormaechei,GCF_000958765.1,550,158836,True,False,True
Enterobacter,hormaechei,GCF_000957625.1,301102,1296536,True,True,False
Enterobacter,hormaechei,GCF_000802695.1,301102,1296536,True,True,False
Enterobacter,hormaechei,GCF_000956855.1,301102,1296536,True,True,False
Enterobacter,hormaechei,GCF_000952355.1,550,158836,True,False,True
Enterobacter,hormaechei,GCF_000965805.1,301102,1296536,True,True,False
Enterobacter,hormaechei,GCF_000784055.1,301102,1296536,True,True,False
Enterobacter,hormaechei,GCF_001472675.1,301102,1296536,True,True,False
Enterobacter,hormaechei,GCF_000958845.1,550,158836,True,False,True
Enterobacter,hormaechei,GCF_000956885.1,301102,1296536,True,True,False
Enterobacter,hormaechei,GCF_001525125.1,301102,1296536,True,True,False
Enterobacter,hormaechei,GCF_001475415.1,301102,1296536,True,True,False
Enterobacter,hormaechei,GCF_000958745.1,550,158836,True,False,True
Enterobacter,hormaechei,GCF_000952665.1,550,158836,True,False,True
Enterobacter,hormaechei,GCF_001472645.1,301102,1296536,True,True,False
Enterobacter,hormaechei,GCF_001518325.1,301102,1296536,True,True,False
Enterobacter,hormaechei,GCF_001472455.1,301102,1296536,True,True,False
Enterobacter,hormaechei,GCF_001525385.1,301102,1296536,True,True,False
Enterobacter,hormaechei,GCF_000958815.1,550,158836,True,False,True
Enterobacter,hormaechei,GCF_001526085.1,301102,1296536,True,True,False
Enterobacter,hormaechei,GCF_000958825.1,550,158836,True,False,True
Enterobacter,hormaechei,GCF_001472055.1,301102,1296536,True,True,False
Enterobacter,hormaechei,GCF_000957545.1,301102,1296536,True,True,False
Enterobacter,hormaechei,GCF_001473285.1,301102,1296536,True,True,False
Enterobacter,hormaechei,GCF_001472035.1,301102,1296536,True,True,False
Enterobacter,hormaechei,GCF_000807535.1,301102,1296536,True,True,False
Enterobacter,hormaechei,GCF_000784135.1,301102,1296536,True,True,False
Enterobacter,hormaechei,GCF_000957465.1,301102,1296536,True,True,False
Enterobacter,hormaechei,GCF_000802805.1,301102,1296536,True,True,False
Enterobacter,hormaechei,GCF_001525365.1,301102,1296536,True,True,False
Enterobacter,hormaechei,GCF_000956725.1,301102,1296536,True,True,False
Enterobacter,hormaechei,GCF_000807405.2,301102,1296536,True,True,False
Enterobacter,hormaechei,GCF_000957865.1,301102,1296536,True,True,False
Enterobacter,hormaechei,GCF_000784075.1,301102,1296536,True,True,False
Enterobacter,hormaechei,GCF_000956645.1,301102,1296536,True,True,False
Enterobacter,hormaechei,GCF_000952505.1,550,158836,True,False,True
Enterobacter,hormaechei,GCF_001472795.1,301102,1296536,True,True,False
Enterobacter,hormaechei,GCF_000957565.1,301102,1296536,True,True,False
Enterobacter,hormaechei,GCF_000802715.1,301102,1296536,True,True,False
Enterobacter,hormaechei,GCF_001525045.1,301102,1296536,True,True,False
Enterobacter,hormaechei,GCF_000952275.1,550,158836,True,False,True
Enterobacter,hormaechei,GCF_000952495.1,550,158836,True,False,True
Enterobacter,hormaechei,GCF_000802865.1,301102,1296536,True,True,False
Enterobacter,hormaechei,GCF_001472225.1,301102,1296536,True,True,False
Enterobacter,hormaechei,GCF_000957955.1,301102,1296536,True,True,False
Enterobacter,hormaechei,GCF_000952595.1,550,158836,True,False,True
Enterobacter,hormaechei,GCF_000956745.1,301102,1296536,True,True,False
Enterobacter,hormaechei,GCF_000957305.1,301102,1296536,True,True,False
Enterobacter,hormaechei,GCF_001472375.1,301102,1296536,True,True,False
Enterobacter,hormaechei,GCF_000952415.1,550,158836,True,False,True
Enterobacter,hormaechei,GCF_000957505.1,301102,1296536,True,True,False
Enterobacter,hormaechei,GCF_000952585.1,550,158836,True,False,True
Enterobacter,hormaechei,GCF_000784155.1,301102,1296536,True,True,False
Enterobacter,hormaechei,GCF_000958925.1,550,158836,True,False,True
Enterobacter,hormaechei,GCF_000958225.1,301102,1296536,True,True,False
Enterobacter,hormaechei,GCF_001475425.1,301102,1296536,True,True,False
Enterobacter,hormaechei,GCF_000802825.1,301102,1296536,True,True,False
Enterobacter,hormaechei,GCF_001473075.1,301102,1296536,True,True,False
Enterobacter,hormaechei,GCF_001525405.1,301102,1296536,True,True,False
Enterobacter,hormaechei,GCF_000784175.1,301102,1296536,True,True,False
Enterobacter,hormaechei,GCF_001472815.1,301102,1296536,True,True,False
Enterobacter,hormaechei,GCF_000952475.1,550,158836,True,False,True
Enterobacter,hormaechei,GCF_000784035.1,301102,1296536,True,True,False
Enterobacter,hormaechei,GCF_000956935.1,301102,1296536,True,True,False
Enterobacter,hormaechei,GCF_001525325.1,301102,1296536,True,True,False
Enterobacter,hormaechei,GCF_001472765.1,301102,1296536,True,True,False
Enterobacter,hormaechei,GCF_000802785.1,301102,1296536,True,True,False
Enterobacter,hormaechei,GCF_000952655.1,550,158836,True,False,True
Enterobacter,hormaechei,GCF_000958665.1,550,158836,True,False,True
Enterobacter,hormaechei,GCF_001472915.1,301102,1296536,True,True,False
Enterobacter,hormaechei,GCF_001471885.1,301102,1296536,True,True,False
Enterobacter,hormaechei,GCF_000952515.1,550,158836,True,False,True
Enterobacter,hormaechei,GCF_000784115.1,301102,1296536,True,True,False
Enterobacter,hormaechei,GCF_000952285.1,550,158836,True,False,True
Enterobacter,hormaechei,GCF_000952195.1,550,158836,True,False,True
Enterobacter,hormaechei,GCF_001473055.1,301102,1296536,True,True,False
Enterobacter,hormaechei,GCF_001025045.1,550,158836,True,False,True
Enterobacter,hormaechei,GCF_001526185.1,301102,1296536,True,True,False
Enterobacter,hormaechei,GCF_001022775.1,301102,1296536,True,True,False
Francisella,tularensis,GCF_000834965.1,119856,264,True,True,False
Klebsiella,pneumoniae,GCF_001030745.1,571,573,True,False,True
Lactobacillus,casei,GCF_001062665.1,1582,1597,True,True,False
Lactobacillus,casei,GCF_000309765.1,1051655,1597,True,True,False
Lactobacillus,casei,GCF_001066565.1,1582,1597,True,True,False
Lactobacillus,casei,GCF_000472345.1,1051650,1597,True,True,False
Lactobacillus,casei,GCF_000474615.1,1378069,1597,True,True,False
Lactobacillus,casei,GCF_001062695.1,1582,1597,True,True,False
Lactobacillus,casei,GCF_000376145.1,1051661,1597,True,True,False
Lactobacillus,paracasei,GCF_000309785.1,1051656,1597,True,False,True
Lactobacillus,paracasei,GCF_000827145.1,1582,1597,True,False,True
Lactobacillus,paracasei,GCF_000309685.1,1051658,1597,True,False,True
Lactobacillus,paracasei,GCF_000309645.1,1051654,1597,True,False,True
Lactobacillus,paracasei,GCF_000309665.1,1051657,1597,True,False,True
Methylobacterium,aquaticum,GCF_001477085.1,270351,1775910,True,True,False
Methylobacterium,aquaticum,GCF_001476615.1,270351,1775910,True,True,False
Methylobacterium,aquaticum,GCF_001476215.1,270351,1775910,True,True,False
Methylobacterium,extorquens,GCF_000083545.1,661410,272630,True,True,False
Methylobacterium,platani,GCF_001043875.1,427683,1775910,True,True,False
Methylobacterium,platani,GCF_001043895.1,427683,1775910,True,True,False
Moraxella,catarrhalis,GCF_001064535.1,480,90239,True,True,False
Moraxella,catarrhalis,GCF_001064405.1,480,90239,True,True,False
Mycobacterium,abscessus,GCF_000523895.1,1299322,36809,True,False,True
Mycobacterium,intracellulare,GCF_000523595.1,1299329,1767,False,False,True
Myroides,marinus,GCF_000812825.1,76832,703342,True,False,True
Pandoraea,pnomenusa,GCF_000807785.1,93220,1891094,True,True,False
Pandoraea,pnomenusa,GCF_000807775.1,93220,1891094,True,True,False
Pectobacterium,carotovorum,GCF_000749915.1,555,2778550,False,False,False
Pectobacterium,carotovorum,GCF_000808255.1,555,180957,False,False,False
Pectobacterium,carotovorum,GCF_000808415.1,555,2778550,False,False,False
Pectobacterium,carotovorum,GCF_000808455.1,555,180957,False,False,False
Pectobacterium,carotovorum,GCF_000808355.1,555,180957,False,False,False
Pectobacterium,carotovorum,GCF_000808375.1,555,180957,False,False,False
Pectobacterium,wasabiae,GCF_000757625.1,55208,1905730,False,False,False
Proteus,mirabilis,GCF_001281565.1,585,584,True,False,True
Pseudoalteromonas,haloplanktis,GCF_000498015.1,1333512,1938597,False,False,False
Pseudoalteromonas,haloplanktis,GCF_000498075.1,1333511,1938595,False,False,False
Pseudoalteromonas,haloplanktis,GCF_000498035.1,1333514,1938598,False,False,False
Pseudomonas,fluorescens,GCF_001020785.1,294,86185,True,True,False
Pseudomonas,fluorescens,GCF_001020655.1,294,86185,True,True,False
Pseudomonas,fluorescens,GCF_000968025.1,294,298,True,True,False
Pseudomonas,fluorescens,GCF_000785395.1,1403315,1615674,True,True,False
Pseudomonas,fluorescens,GCF_001020635.1,294,86185,True,True,False
Pseudomonas,fluorescens,GCF_001020815.1,294,380021,True,True,False
Pseudomonas,fluorescens,GCF_001020705.1,294,86185,True,True,False
Pseudomonas,fluorescens,GCF_001020805.1,294,86185,True,True,False
Pseudomonas,fluorescens,GCF_000465595.1,1390371,321846,True,True,False
Pseudomonas,fluorescens,GCF_000967935.1,294,298,True,True,False
Pseudomonas,fluorescens,GCF_000263675.1,1038924,1615674,True,True,False
Pseudomonas,fluorescens,GCF_001020765.1,294,86185,True,True,False
Pseudomonas,fluorescens,GCF_001020795.1,294,86185,True,True,False
Pseudomonas,fluorescens,GCF_001021695.1,294,380021,True,True,False
Pseudomonas,fluorescens,GCF_001020625.1,294,86185,True,True,False
Pseudomonas,fluorescens,GCF_000963495.1,1334632,321846,True,True,False
Pseudomonas,fluorescens,GCF_000934565.1,294,321846,True,True,False
Pseudomonas,fluorescens,GCF_000803005.1,294,1615674,True,True,False
Pseudomonas,fluorescens,GCF_001020645.1,294,86185,True,True,False
Pseudomonas,syringae,GCF_000344415.1,1104683,1674924,True,True,False
Pseudomonas,syringae,GCF_000935665.1,235272,264455,True,False,True
Rhizobium,etli,GCF_000698845.1,1432050,1301032,True,True,False
Salinispora,tropica,GCF_000425925.1,1298918,1169195,True,False,True
Salmonella,enterica,GCF_000806725.1,59201,179997,True,True,False
Salmonella,enterica,GCF_000807105.1,59201,260680,True,True,False
Salmonella,enterica,GCF_000806585.1,59201,58095,True,True,False
Salmonella,enterica,GCF_000806625.1,59201,58712,True,True,False
Salmonella,enterica,GCF_000806905.1,59201,58095,True,True,False
Salmonella,enterica,GCF_000968635.1,59202,41518,True,True,False
Salmonella,enterica,GCF_000806885.1,59201,58095,True,True,False
Salmonella,enterica,GCF_000806805.1,59201,595,True,True,False
Salmonella,enterica,GCF_000806765.1,59201,611,True,True,False
Salmonella,enterica,GCF_000974975.1,59201,340190,True,True,False
Salmonella,enterica,GCF_001541975.1,59201,143221,True,True,False
Salmonella,enterica,GCF_000806525.1,59201,1151171,True,True,False
Salmonella,enterica,GCF_000878855.1,59201,2077273,True,True,False
Salmonella,enterica,GCF_001006525.1,59201,90371,True,True,False
Salmonella,enterica,GCF_000806845.1,59201,28150,True,True,False
Salmonella,enterica,GCF_000806665.1,59201,98360,True,True,False
Salmonella,enterica,GCF_000806745.1,59201,611,True,True,False
Salmonella,enterica,GCF_000806825.1,59201,595,True,True,False
Salmonella,enterica,GCF_000806565.1,59201,58095,True,True,False
Salmonella,enterica,GCF_000806545.1,59201,58095,True,True,False
Salmonella,enterica,GCF_000806925.1,59201,58712,True,True,False
Salmonella,enterica,GCF_001479245.1,1192839,1395122,True,True,False
Salmonella,enterica,GCF_001275185.1,28901,57045,True,True,False
Salmonella,enterica,GCF_000806785.1,59201,611,True,True,False
Salmonella,enterica,GCF_001275215.1,28901,611,True,True,False
Salmonella,enterica,GCF_000806965.1,59201,611,True,True,False
Salmonella,enterica,GCF_000807045.1,59201,595,True,True,False
Salmonella,enterica,GCF_000806985.1,59201,595,True,True,False
Salmonella,enterica,GCF_000807055.1,59201,260680,True,True,False
Salmonella,enterica,GCF_000807125.1,59201,28150,True,True,False
Salmonella,enterica,GCF_000806685.1,59201,98360,True,True,False
Salmonella,enterica,GCF_000806505.1,59201,28150,True,True,False
Salmonella,enterica,GCF_000806475.1,59201,28150,True,True,False
Salmonella,enterica,GCF_000878845.1,59201,2077273,True,True,False
Salmonella,enterica,GCF_001456395.1,59201,1151183,True,True,False
Salmonella,enterica,GCF_000807035.1,59201,28150,True,True,False
Salmonella,enterica,GCF_000806945.1,59201,98360,True,True,False
Salmonella,enterica,GCF_001456405.1,59201,149539,True,True,False
Salmonella,enterica,GCF_000806705.1,59201,179997,True,True,False
Salmonella,enterica,GCF_000806605.1,59201,58095,True,True,False
Salmonella,enterica,GCF_000806865.1,59201,28150,True,True,False
Salmonella,enterica,GCF_000807025.1,59201,28150,True,True,False
Salmonella,enterica,GCF_000807005.1,59201,595,True,True,False
Salmonella,enterica,GCF_000772635.1,59201,115981,True,True,False
Salmonella,enterica,GCF_000336035.1,687860,98360,True,True,False
Salmonella,enterica,GCF_000806645.1,59201,149387,True,True,False
Staphylococcus,aureus,GCF_000418345.1,1321369,1280,True,True,False
Stenotrophomonas,maltophilia,GCF_000613205.1,1407502,2045451,True,True,False
Streptococcus,oralis,GCF_000960035.1,28037,1891914,True,False,True
Streptococcus,oralis,GCF_000959975.1,28037,1891914,True,False,True
Streptococcus,parasanguinis,GCF_000963285.1,1305,1318,True,False,True
Streptococcus,pneumoniae,GCF_001147205.1,1313,257758,True,True,False
Streptococcus,pneumoniae,GCF_001206055.1,1313,257758,True,True,False
Streptococcus,pneumoniae,GCF_001339755.1,1313,257758,True,True,False
Streptococcus,pneumoniae,GCF_001337855.1,1313,257758,True,True,False
Streptococcus,pneumoniae,GCF_001115245.1,1313,257758,True,True,False
Streptococcus,pneumoniae,GCF_001193755.1,1313,257758,True,True,False
Streptococcus,sanguinis,GCF_001593525.1,888807,1305,True,True,False
Streptomyces,albus,GCF_001577385.1,1888,1886,True,True,False
Streptomyces,albus,GCF_000359525.1,457425,1886,True,True,False
Streptomyces,albus,GCF_000156475.1,457425,1886,True,True,False
Thalassobius,mediterraneus,GCF_001458275.1,340021,2072972,True,True,False
Thalassobius,mediterraneus,GCF_001458255.1,340021,2072972,True,True,False
Vibrio,alginolyticus,GCF_001010935.1,663,50719,False,False,False
Vibrio,alginolyticus,GCF_000962815.1,663,50719,False,False,False
Vibrio,mimicus,GCF_000736955.1,666,674,True,False,True
Vibrio,splendidus,GCF_001558025.1,29497,1516159,True,True,False
Vibrio,splendidus,GCF_001557855.1,29497,1516159,True,True,False
Vibrio,tasmaniensis,GCF_000091465.1,575788,693153,False,False,False
Xanthomonas,campestris,GCF_001264285.1,339,56448,False,False,False
Xanthomonas,campestris,GCF_001264295.1,339,56448,False,False,False
Xanthomonas,campestris,GCF_001264345.1,339,56448,False,False,False
Xanthomonas,campestris,GCF_001264265.1,339,56448,False,False,False
Xanthomonas,campestris,GCF_001264465.1,339,56448,False,False,False
Xanthomonas,campestris,GCF_001266525.1,339,56448,False,False,False
Xanthomonas,campestris,GCF_001266535.1,339,56448,False,False,False
Xanthomonas,campestris,GCF_001264425.1,339,56448,False,False,False
Xanthomonas,campestris,GCF_001264435.1,339,56448,False,False,False
Xanthomonas,campestris,GCF_001266515.1,339,56448,False,False,False
Xanthomonas,campestris,GCF_001264275.1,339,56448,False,False,False
Xanthomonas,campestris,GCF_001264385.1,339,56448,False,False,False
Xanthomonas,campestris,GCF_001264355.1,339,56448,False,False,False
Yersinia,similis,GCF_001140625.1,633,367190,True,False,True
