prefix_len,prefix_version,prefix,k
4,0,ATGA,7
4,1,ATCA,7
4,2,TCTC,7
4,3,GAAA,7
4,4,TTGA,7
4,5,CACA,7
4,6,CGTT,7
4,7,ACTC,7
5,0,ATGAC,7
5,1,ATCAT,7
5,2,TCTCG,7
5,3,GAAAG,7
5,4,TTGAC,7
5,5,CACAT,7
5,6,CGTTA,7
5,7,ACTCT,7
6,0,ATGACT,7
6,1,ATCATT,7
6,2,TCTCGA,7
6,3,GAAAGC,7
6,4,TTGACC,7
6,5,CACATA,7
6,6,CGTTAG,7
6,7,ACTCTT,7
7,0,ATGACTG,7
7,1,ATCATTT,7
7,2,TCTCGAT,7
7,3,GAAAGCG,7
7,4,TTGACCC,7
7,5,CACATAT,7
7,6,CGTTAGT,7
7,7,ACTCTTG,7
4,0,ATGA,9
4,1,ATCA,9
4,2,TCTC,9
4,3,GAAA,9
4,4,TTGA,9
4,5,CACA,9
4,6,CGTT,9
4,7,ACTC,9
5,0,ATGAC,9
5,1,ATCAT,9
5,2,TCTCG,9
5,3,GAAAG,9
5,4,TTGAC,9
5,5,CACAT,9
5,6,CGTTA,9
5,7,ACTCT,9
6,0,ATGACT,9
6,1,ATCATT,9
6,2,TCTCGA,9
6,3,GAAAGC,9
6,4,TTGACC,9
6,5,CACATA,9
6,6,CGTTAG,9
6,7,ACTCTT,9
7,0,ATGACTG,9
7,1,ATCATTT,9
7,2,TCTCGAT,9
7,3,GAAAGCG,9
7,4,TTGACCC,9
7,5,CACATAT,9
7,6,CGTTAGT,9
7,7,ACTCTTG,9
4,0,ATGA,11
4,1,ATCA,11
4,2,TCTC,11
4,3,GAAA,11
4,4,TTGA,11
4,5,CACA,11
4,6,CGTT,11
4,7,ACTC,11
5,0,ATGAC,11
5,1,ATCAT,11
5,2,TCTCG,11
5,3,GAAAG,11
5,4,TTGAC,11
5,5,CACAT,11
5,6,CGTTA,11
5,7,ACTCT,11
6,0,ATGACT,11
6,1,ATCATT,11
6,2,TCTCGA,11
6,3,GAAAGC,11
6,4,TTGACC,11
6,5,CACATA,11
6,6,CGTTAG,11
6,7,ACTCTT,11
7,0,ATGACTG,11
7,1,ATCATTT,11
7,2,TCTCGAT,11
7,3,GAAAGCG,11
7,4,TTGACCC,11
7,5,CACATAT,11
7,6,CGTTAGT,11
7,7,ACTCTTG,11
4,0,ATGA,13
4,1,ATCA,13
4,2,TCTC,13
4,3,GAAA,13
4,4,TTGA,13
4,5,CACA,13
4,6,CGTT,13
4,7,ACTC,13
5,0,ATGAC,13
5,1,ATCAT,13
5,2,TCTCG,13
5,3,GAAAG,13
5,4,TTGAC,13
5,5,CACAT,13
5,6,CGTTA,13
5,7,ACTCT,13
6,0,ATGACT,13
6,1,ATCATT,13
6,2,TCTCGA,13
6,3,GAAAGC,13
6,4,TTGACC,13
6,5,CACATA,13
6,6,CGTTAG,13
6,7,ACTCTT,13
7,0,ATGACTG,13
7,1,ATCATTT,13
7,2,TCTCGAT,13
7,3,GAAAGCG,13
7,4,TTGACCC,13
7,5,CACATAT,13
7,6,CGTTAGT,13
7,7,ACTCTTG,13
4,0,ATGA,15
4,1,ATCA,15
4,2,TCTC,15
4,3,GAAA,15
4,4,TTGA,15
4,5,CACA,15
4,6,CGTT,15
4,7,ACTC,15
5,0,ATGAC,15
5,1,ATCAT,15
5,2,TCTCG,15
5,3,GAAAG,15
5,4,TTGAC,15
5,5,CACAT,15
5,6,CGTTA,15
5,7,ACTCT,15
6,0,ATGACT,15
6,1,ATCATT,15
6,2,TCTCGA,15
6,3,GAAAGC,15
6,4,TTGACC,15
6,5,CACATA,15
6,6,CGTTAG,15
6,7,ACTCTT,15
7,0,ATGACTG,15
7,1,ATCATTT,15
7,2,TCTCGAT,15
7,3,GAAAGCG,15
7,4,TTGACCC,15
7,5,CACATAT,15
7,6,CGTTAGT,15
7,7,ACTCTTG,15
4,0,ATGA,17
4,1,ATCA,17
4,2,TCTC,17
4,3,GAAA,17
4,4,TTGA,17
4,5,CACA,17
4,6,CGTT,17
4,7,ACTC,17
5,0,ATGAC,17
5,1,ATCAT,17
5,2,TCTCG,17
5,3,GAAAG,17
5,4,TTGAC,17
5,5,CACAT,17
5,6,CGTTA,17
5,7,ACTCT,17
6,0,ATGACT,17
6,1,ATCATT,17
6,2,TCTCGA,17
6,3,GAAAGC,17
6,4,TTGACC,17
6,5,CACATA,17
6,6,CGTTAG,17
6,7,ACTCTT,17
7,0,ATGACTG,17
7,1,ATCATTT,17
7,2,TCTCGAT,17
7,3,GAAAGCG,17
7,4,TTGACCC,17
7,5,CACATAT,17
7,6,CGTTAGT,17
7,7,ACTCTTG,17
