genus,species,ngenomes,migration_dst_idxs1,migration_ndropped,migration_single_dst,migration_1to1,migration_identical
Acetobacter,aceti,3,298,0,True,True,True
Acetobacter,cerevisiae,3,302,0,True,True,True
Acetobacter,orleanensis,2,300,0,True,True,True
Acetobacter,pasteurianus,12,299,0,True,True,True
Acetobacter,pomorum,2,297,0,True,True,True
Acetobacter,tropicalis,4,301,0,True,True,True
Achromobacter,piechaudii,3,140,0,True,True,True
Achromobacter,xylosoxidans,18,139,0,True,True,True
Acidaminococcus,intestini,2,712,0,True,True,True
Acidiphilium,multivorum,2,389,0,True,True,True
Acidithiobacillus,caldus,2,862,0,True,True,True
Acidithiobacillus,ferrivorans,2,865,0,True,True,True
Acidithiobacillus,ferrooxidans,4,863,0,True,True,True
Acidithiobacillus,thiooxidans,3,864,0,True,True,True
Acidovorax,avenae,2,458,0,True,True,True
Acidovorax,citrulli,4,459,0,True,True,True
Acidovorax,radicis,2,457,0,True,True,True
Acinetobacter,baumannii,1277,329,0,True,True,True
Acinetobacter,baylyi,4,344,0,True,True,True
Acinetobacter,beijerinckii,3,331,0,True,True,True
Acinetobacter,bereziniae,5,326,0,True,True,True
Acinetobacter,bouvetii,3,345,0,True,True,True
Acinetobacter,brisouii,3,337,0,True,True,True
Acinetobacter,calcoaceticus,10,330,0,True,True,True
Acinetobacter,gerneri,3,346,0,True,True,True
Acinetobacter,guillouiae,4,327,0,True,True,True
Acinetobacter,gyllenbergii,4,340,0,True,True,True
Acinetobacter,haemolyticus,8,343,0,True,True,True
Acinetobacter,indicus,4,338,0,True,True,True
Acinetobacter,johnsonii,5,351,0,True,True,True
Acinetobacter,junii,10,352,0,True,True,True
Acinetobacter,lwoffii,8,341,0,True,True,True
Acinetobacter,nosocomialis,14,328,0,True,True,True
Acinetobacter,oleivorans,3,332,0,True,True,True
Acinetobacter,parvus,4,339,0,True,True,True
Acinetobacter,pittii,62,350,0,True,True,True
Acinetobacter,radioresistens,5,353,0,True,True,True
Acinetobacter,rudis,2,333,0,True,True,True
Acinetobacter,schindleri,4,335,0,True,True,True
Acinetobacter,soli,5,342,0,True,True,True
Acinetobacter,tandoii,3,347,0,True,True,True
Acinetobacter,tjernbergiae,3,348,0,True,True,True
Acinetobacter,towneri,3,349,0,True,True,True
Acinetobacter,ursingii,8,334,0,True,True,True
Acinetobacter,venetianus,9,336,0,True,True,True
Actinoalloteichus,cyanogriseus,3,1424,0,True,True,True
Actinobacillus,pleuropneumoniae,23,551,0,True,True,True
Actinobacillus,suis,2,552,0,True,True,True
Actinobaculum,massiliense,2,811,0,True,True,True
Actinomyces,georgiae,2,69,0,True,True,True
Actinomyces,graevenitzii,2,1213,0,True,True,True
Actinomyces,johnsonii,2,1211,0,True,True,True
Actinomyces,massiliensis,2,1209,0,True,True,True
Actinomyces,neuii,2,801,0,True,True,True
Actinomyces,odontolyticus,2,68,0,True,True,True
Actinomyces,oris,2,1210,0,True,True,True
Actinomyces,urogenitalis,2,1212,0,True,True,True
Actinotignum,schaalii,2,306,0,True,True,True
Aerococcus,christensenii,3,1044,0,True,True,True
Aerococcus,urinae,2,1041,0,True,True,True
Aerococcus,urinaeequi,3,1043,0,True,True,True
Aerococcus,viridans,2,1042,0,True,True,True
Aeromonas,allosaccharophila,3,486,0,True,True,True
Aeromonas,caviae,9,481,0,True,True,True
Aeromonas,dhakensis,2,490,0,True,True,True
Aeromonas,diversa,2,488,0,True,True,True
Aeromonas,enteropelogenes,3,489,0,True,True,True
Aeromonas,hydrophila,29,479,0,True,True,True
Aeromonas,jandaei,2,482,0,True,True,True
Aeromonas,media,4,483,0,True,True,True
Aeromonas,salmonicida,11,480,0,True,True,True
Aeromonas,schubertii,3,484,0,True,True,True
Aeromonas,taiwanensis,2,487,0,True,True,True
Aeromonas,veronii,27,485,0,True,True,True
Aggregatibacter,actinomycetemcomitans,35,857,0,True,True,True
Aggregatibacter,aphrophilus,4,858,0,True,True,True
Agrobacterium,tumefaciens,15,263,0,True,True,True
Akkermansia,muciniphila,2,226,0,True,True,True
Alcaligenes,faecalis,7,377,0,True,True,True
Algibacter,lectus,2,1289,0,True,True,True
Alicycliphilus,denitrificans,2,282,0,True,True,True
Aliivibrio,fischeri,5,1287,0,True,True,True
Aliivibrio,wodanis,6,1288,0,True,True,True
Altererythrobacter,marensis,2,558,0,True,True,True
Alteromonas,australica,2,142,0,True,True,True
Alteromonas,macleodii,8,144,0,True,True,True
Alteromonas,mediterranea,8,143,0,True,True,True
Alteromonas,stellipolaris,4,145,0,True,True,True
Amycolatopsis,mediterranei,6,1323,0,True,True,True
Amycolatopsis,methanolica,2,1324,0,True,True,True
Amycolatopsis,regifaucium,2,1326,0,True,True,True
Amycolatopsis,vancoresmycina,2,1325,0,True,True,True
Anaerococcus,hydrogenalis,2,1418,0,True,True,True
Anaerococcus,lactolyticus,2,1419,0,True,True,True
Anaerococcus,tetradius,2,1420,0,True,True,True
Anaerostipes,hadrus,2,283,0,True,True,True
Anaplasma,marginale,14,574,0,True,True,True
Anaplasma,phagocytophilum,21,575,0,True,True,True
Aneurinibacillus,migulanus,5,1342,0,True,True,True
Anoxybacillus,gonensis,2,560,0,True,True,True
Aphanizomenon,flos-aquae,2,859,0,True,True,True
Arcobacter,butzleri,11,1158,0,True,True,True
Arcobacter,lanthieri,3,1159,0,True,True,True
Ardenticatena,maritima,2,391,0,True,True,True
Arenimonas,composti,2,828,0,True,True,True
Arenimonas,oryziterrae,2,829,0,True,True,True
Arthrospira,platensis,3,743,0,True,True,True
Asticcacaulis,benevestitus,2,833,0,True,True,True
Atopobium,minutum,2,1048,0,True,True,True
Atopobium,rimae,2,376,0,True,True,True
Atopobium,vaginae,4,356,0,True,True,True
Aurantimonas,coralicida,2,1433,0,True,True,True
Aurantimonas,manganoxydans,2,1434,0,True,True,True
Aureimonas,ureilytica,4,533,0,True,True,True
Avibacterium,paragallinarum,5,1217,0,True,True,True
Azospirillum,brasilense,4,111,1,True,True,False
Azospirillum,thiophilum,2,112,0,True,True,True
Azotobacter,vinelandii,4,262,0,True,True,True
Bacillus,akibai,2,407,0,True,True,True
Bacillus,amyloliquefaciens,20,1053,0,True,True,True
Bacillus,anthracis,103,1054,0,True,True,True
Bacillus,aryabhattai,4,1070,0,True,True,True
Bacillus,atrophaeus,19,1064,0,True,True,True
Bacillus,azotoformans,2,1065,0,True,True,True
Bacillus,badius,4,1066,0,True,True,True
Bacillus,boroniphilus,2,400,0,True,True,True
Bacillus,cereus,196,1055,0,True,True,True
Bacillus,circulans,2,1056,0,True,True,True
Bacillus,clausii,2,411,0,True,True,True
Bacillus,coagulans,20,1057,0,True,True,True
Bacillus,coahuilensis,3,1080,0,True,True,True
Bacillus,cytotoxicus,2,1078,0,True,True,True
Bacillus,endophyticus,3,1074,0,True,True,True
Bacillus,firmus,3,399,0,True,True,True
Bacillus,gaemokensis,2,1049,0,True,True,True
Bacillus,ginsengihumi,2,1072,0,True,True,True
Bacillus,glycinifermentans,2,1051,0,True,True,True
Bacillus,hemicellulosilyticus,2,409,0,True,True,True
Bacillus,licheniformis,18,1058,0,True,True,True
Bacillus,marisflavi,4,1050,0,True,True,True
Bacillus,megaterium,9,1059,0,True,True,True
Bacillus,methanolicus,2,1067,0,True,True,True
Bacillus,mojavensis,3,1079,0,True,True,True
Bacillus,mycoides,9,1060,0,True,False,False
Bacillus,nakamurai,2,1081,0,True,True,True
Bacillus,paralicheniformis,6,1069,0,True,True,True
Bacillus,pumilus,22,1061,0,True,True,True
Bacillus,safensis,4,1075,0,True,True,True
Bacillus,siamensis,2,1073,0,True,True,True
Bacillus,smithii,3,1068,0,True,True,True
Bacillus,sonorensis,3,1076,0,True,True,True
Bacillus,subtilis,75,1062,0,True,True,True
Bacillus,thermoamylovorans,5,1071,0,True,True,True
Bacillus,thuringiensis,19,1063,0,True,True,True
Bacillus,trypoxylicola,2,408,0,True,True,True
Bacillus,velezensis,16,1052,0,True,True,True
Bacillus,vietnamensis,2,1077,0,True,True,True
Bacillus,vireti,2,417,0,True,True,True
Bacillus,wakoensis,2,410,0,True,True,True
Bacillus,weihenstephanensis,3,1060,0,True,False,False
Bacteroides,barnesiae,2,259,0,True,True,True
Bacteroides,caccae,2,638,0,True,True,True
Bacteroides,cellulosilyticus,5,628,0,True,True,True
Bacteroides,coprophilus,4,256,0,True,True,True
Bacteroides,dorei,5,257,0,True,True,True
Bacteroides,eggerthii,3,633,0,True,True,True
Bacteroides,finegoldii,2,630,0,True,True,True
Bacteroides,fragilis,99,625,0,True,True,True
Bacteroides,gallinarum,2,641,0,True,True,True
Bacteroides,graminisolvens,2,631,0,True,True,True
Bacteroides,intestinalis,2,629,0,True,True,True
Bacteroides,massiliensis,3,258,0,True,True,True
Bacteroides,nordii,2,636,0,True,True,True
Bacteroides,ovatus,11,634,0,True,True,True
Bacteroides,propionicifaciens,2,640,0,True,True,True
Bacteroides,pyogenes,5,639,0,True,True,True
Bacteroides,salyersiae,3,635,0,True,True,True
Bacteroides,stercoris,3,637,0,True,True,True
Bacteroides,thetaiotaomicron,6,626,0,True,True,True
Bacteroides,uniformis,9,627,0,True,True,True
Bacteroides,vulgatus,8,255,0,True,True,True
Bacteroides,xylanisolvens,4,632,0,True,True,True
Bartonella,bacilliformis,15,581,0,True,True,True
Bartonella,birtlesii,5,586,0,True,True,True
Bartonella,bovis,2,590,0,True,True,True
Bartonella,clarridgeiae,2,589,0,True,True,True
Bartonella,doshiae,2,578,0,True,True,True
Bartonella,elizabethae,3,583,0,True,True,True
Bartonella,grahamii,2,579,0,True,True,True
Bartonella,henselae,11,587,0,True,True,True
Bartonella,quintana,14,582,0,True,True,True
Bartonella,rattimassiliensis,2,591,0,True,True,True
Bartonella,tamiae,2,585,0,True,True,True
Bartonella,tribocorum,2,584,0,True,True,True
Bartonella,vinsonii,5,580,0,True,True,True
Bartonella,washoensis,2,588,0,True,True,True
Bellilinea,caldifistulae,2,645,0,True,True,True
Bergeyella,zoohelcum,2,254,0,True,True,True
Bibersteinia,trehalosi,4,1083,0,True,True,True
Bifidobacterium,actinocoloniiforme,3,1253,0,True,True,True
Bifidobacterium,adolescentis,8,1224,0,True,True,True
Bifidobacterium,angulatum,5,1226,0,True,True,True
Bifidobacterium,animalis,28,1239,0,True,True,True
Bifidobacterium,biavatii,2,1220,0,True,True,True
Bifidobacterium,bifidum,24,1225,0,True,True,True
Bifidobacterium,bohemicum,2,1252,0,True,True,True
Bifidobacterium,bombi,2,1244,0,True,True,True
Bifidobacterium,boum,3,1247,0,True,True,True
Bifidobacterium,breve,30,1227,0,True,True,True
Bifidobacterium,callitrichos,2,1218,0,True,True,True
Bifidobacterium,catenulatum,4,1228,0,True,False,False
Bifidobacterium,choerinum,3,1237,0,True,True,True
Bifidobacterium,coryneforme,2,1229,0,True,True,True
Bifidobacterium,cuniculi,2,1230,0,True,True,True
Bifidobacterium,dentium,6,1231,0,True,True,True
Bifidobacterium,gallicum,3,1246,0,True,True,True
Bifidobacterium,gallinarum,2,1248,0,True,True,True
Bifidobacterium,indicum,2,1232,0,True,True,True
Bifidobacterium,kashiwanohense,3,1228,0,True,False,False
Bifidobacterium,longum,55,1241,0,True,True,True
Bifidobacterium,magnum,3,1233,0,True,True,True
Bifidobacterium,merycicum,2,1249,0,True,True,True
Bifidobacterium,minimum,3,1234,0,True,True,True
Bifidobacterium,mongoliense,2,1236,0,True,True,True
Bifidobacterium,pseudocatenulatum,5,1240,0,True,True,True
Bifidobacterium,pseudolongum,7,1235,0,True,True,True
Bifidobacterium,psychraerophilum,2,1251,0,True,True,True
Bifidobacterium,reuteri,2,1221,0,True,True,True
Bifidobacterium,ruminantium,3,1250,0,True,True,True
Bifidobacterium,saeculare,2,1243,0,True,True,True
Bifidobacterium,saguini,2,1219,0,True,True,True
Bifidobacterium,scardovii,4,1238,0,True,True,True
Bifidobacterium,subtile,3,1242,0,True,True,True
Bifidobacterium,thermacidophilum,3,1222,0,True,True,True
Bifidobacterium,thermophilum,3,1223,0,True,True,True
Bifidobacterium,tsurumiense,3,1245,0,True,True,True
Bilophila,wadsworthia,2,744,0,True,True,True
Blastochloris,viridis,3,1417,0,True,True,True
Blautia,[Ruminococcus] gnavus,3,1312,0,True,True,True
Blautia,producta,2,835,0,True,True,True
Blautia,wexlerae,2,836,0,True,True,True
Bordetella,avium,2,382,0,True,True,True
Bordetella,bronchiseptica,63,380,0,True,True,True
Bordetella,hinzii,10,386,0,True,True,True
Bordetella,holmesii,20,384,0,True,True,True
Bordetella,pertussis,327,381,0,True,True,True
Bordetella,pseudohinzii,3,385,0,True,True,True
Bordetella,trematum,3,383,0,True,True,True
Borrelia,coriaceae,2,73,0,True,True,True
Borrelia,crocidurae,3,74,0,True,True,True
Borrelia,duttonii,2,76,0,True,True,True
Borrelia,hermsii,6,71,0,True,True,True
Borrelia,miyamotoi,3,75,0,True,True,True
Borrelia,parkeri,2,72,0,True,True,True
Borreliella,afzelii,6,1091,0,True,True,True
Borreliella,burgdorferi,29,1089,0,True,True,True
Borreliella,garinii,22,1092,0,True,True,True
Borreliella,valaisiana,2,1090,0,True,True,True
Brachyspira,hyodysenteriae,21,699,0,True,True,True
Brachyspira,pilosicoli,4,700,0,True,True,True
Bradyrhizobium,diazoefficiens,4,270,0,True,True,True
Bradyrhizobium,elkanii,7,271,0,True,True,True
Bradyrhizobium,japonicum,15,266,0,True,True,True
Bradyrhizobium,liaoningense,2,269,0,True,True,True
Bradyrhizobium,valentinum,2,268,0,True,True,True
Bradyrhizobium,yuanmingense,4,267,0,True,True,True
Brevibacillus,agri,2,1346,0,True,True,True
Brevibacillus,borstelensis,4,1347,0,True,True,True
Brevibacillus,brevis,2,1344,0,True,True,True
Brevibacillus,laterosporus,4,1345,0,True,True,True
Brevibacillus,thermoruber,2,1343,0,True,True,True
Brevibacterium,casei,2,1256,0,True,True,True
Brevibacterium,linens,2,1257,0,True,True,True
Brevundimonas,diminuta,2,223,0,True,True,True
Brochothrix,thermosphacta,2,550,0,True,True,True
Brucella,abortus,158,146,0,True,True,True
Brucella,canis,14,148,0,True,True,True
Brucella,ceti,5,154,0,True,True,True
Brucella,melitensis,66,150,0,True,True,True
Brucella,neotomae,2,151,0,True,True,True
Brucella,ovis,16,147,0,True,True,True
Brucella,pinnipedialis,5,153,0,True,True,True
Brucella,suis,44,152,0,True,True,True
Buchnera,aphidicola,12,1121,0,True,True,True
Burkholderia,anthina,8,965,0,True,True,True
Burkholderia,cenocepacia,20,960,0,True,True,True
Burkholderia,cepacia,65,947,0,True,True,True
Burkholderia,contaminans,3,958,0,True,True,True
Burkholderia,diffusa,11,961,0,True,True,True
Burkholderia,dolosa,3,957,0,True,True,True
Burkholderia,gladioli,9,953,0,True,True,True
Burkholderia,glumae,6,948,0,True,True,True
Burkholderia,lata,2,964,0,True,True,True
Burkholderia,mallei,46,959,0,True,True,True
Burkholderia,multivorans,17,962,0,True,True,True
Burkholderia,oklahomensis,6,963,0,True,True,True
Burkholderia,pseudomallei,392,954,0,True,True,True
Burkholderia,pseudomultivorans,9,952,0,True,True,True
Burkholderia,stagnalis,63,955,0,True,True,True
Burkholderia,territorii,31,956,0,True,True,True
Burkholderia,thailandensis,22,949,0,True,True,True
Burkholderia,ubonensis,252,951,0,True,True,True
Burkholderia,vietnamiensis,36,950,0,True,True,True
Butyrivibrio,fibrisolvens,6,647,0,True,True,True
Butyrivibrio,proteoclasticus,2,648,0,True,True,True
Caballeronia,Paraburkholderia zhejiangensis,2,278,0,True,True,True
Caldanaerobacter,subterraneus,3,1286,0,True,True,True
Caldibacillus,debilis,2,281,0,True,True,True
Campylobacter,coli,257,114,0,True,True,True
Campylobacter,concisus,7,117,0,True,True,True
Campylobacter,curvus,2,118,0,True,True,True
Campylobacter,fetus,27,115,0,True,True,True
Campylobacter,gracilis,2,120,0,True,True,True
Campylobacter,iguaniorum,2,123,0,True,True,True
Campylobacter,jejuni,628,116,0,True,True,True
Campylobacter,lari,4,119,0,True,True,True
Campylobacter,subantarcticus,2,122,0,True,True,True
Campylobacter,upsaliensis,3,121,0,True,True,True
Capnocytophaga,canimorsus,4,746,0,True,True,True
Capnocytophaga,canis,3,748,0,True,True,True
Capnocytophaga,cynodegmi,4,747,0,True,True,True
Capnocytophaga,ochracea,4,745,0,True,True,True
Carnobacterium,divergens,2,543,0,True,True,True
Carnobacterium,inhibens,2,542,0,True,True,True
Carnobacterium,jeotgali,2,545,0,True,True,True
Carnobacterium,maltaromaticum,6,544,0,True,True,True
Catabacter,hongkongensis,2,93,0,True,True,True
Caulobacter,henricii,2,53,0,True,True,True
Caulobacter,vibrioides,2,52,0,True,True,True
Cellulophaga,baltica,4,1371,0,True,True,True
Cellulophaga,lytica,2,1370,0,True,True,True
Chania,multitudinisentens,2,225,0,True,True,True
Chlamydia,abortus,3,618,0,True,True,True
Chlamydia,muridarum,15,620,0,True,True,True
Chlamydia,pecorum,12,621,0,True,True,True
Chlamydia,pneumoniae,10,619,0,True,True,True
Chlamydia,psittaci,48,617,0,True,True,True
Chlamydia,trachomatis,115,616,0,True,True,True
Chlorogloeopsis,fritschii,2,837,0,True,True,True
Chromobacterium,haemolyticum,2,394,0,True,True,True
Chromobacterium,subtsugae,4,396,0,True,True,True
Chromobacterium,vaccinii,2,395,0,True,True,True
Chromobacterium,violaceum,7,393,0,True,True,True
Chryseobacterium,oranimense,2,253,0,True,True,True
Citrobacter,amalonaticus,2,405,0,True,True,True
Citrobacter,braakii,4,401,0,True,True,True
Citrobacter,freundii,44,403,0,True,True,True
Citrobacter,koseri,7,402,0,True,True,True
Citrobacter,rodentium,3,404,0,True,True,True
Clostridium,aceticum,2,1138,0,True,True,True
Clostridium,acetobutylicum,4,1126,0,True,True,True
Clostridium,autoethanogenum,3,1139,0,True,True,True
Clostridium,baratii,3,1137,0,True,True,True
Clostridium,beijerinckii,4,1133,0,True,True,True
Clostridium,botulinum,116,1127,0,True,True,True
Clostridium,butyricum,12,1128,0,True,True,True
Clostridium,carboxidivorans,3,1142,0,True,True,True
Clostridium,haemolyticum,2,1140,0,True,True,True
Clostridium,kluyveri,2,1135,0,True,True,True
Clostridium,novyi,6,1136,0,True,True,True
Clostridium,pasteurianum,4,1129,0,True,True,True
Clostridium,perfringens,17,1130,0,True,True,True
Clostridium,saccharoperbutylacetonicum,2,1141,0,True,True,True
Clostridium,sporogenes,13,1131,0,True,True,True
Clostridium,tetani,10,1132,0,True,True,True
Clostridium,tyrobutyricum,8,1134,0,True,True,True
Clostridium,ventriculi,2,1125,0,True,True,True
Collimonas,arenae,2,84,0,True,True,True
Collimonas,pratensis,2,85,0,True,True,True
Comamonas,aquatica,3,176,0,True,True,True
Comamonas,testosteroni,17,175,0,True,True,True
Corynebacterium,accolens,2,1276,0,True,True,True
Corynebacterium,argentoratense,3,1265,0,True,True,True
Corynebacterium,aurimucosum,6,1275,0,True,True,True
Corynebacterium,callunae,2,1263,0,True,True,True
Corynebacterium,camporealensis,2,1281,0,True,True,True
Corynebacterium,casei,2,1271,0,True,True,True
Corynebacterium,diphtheriae,24,1260,0,True,True,True
Corynebacterium,doosanense,2,1283,0,True,True,True
Corynebacterium,efficiens,2,1274,0,True,True,True
Corynebacterium,glucuronolyticum,2,1282,0,True,True,True
Corynebacterium,glutamicum,17,1261,0,True,True,True
Corynebacterium,halotolerans,2,1270,0,True,True,True
Corynebacterium,humireducens,2,1268,0,True,True,True
Corynebacterium,jeikeium,19,1277,0,True,True,True
Corynebacterium,kroppenstedtii,3,1280,0,True,True,True
Corynebacterium,matruchotii,2,1266,0,True,True,True
Corynebacterium,minutissimum,2,1278,0,True,True,True
Corynebacterium,pilosum,2,1269,0,True,True,True
Corynebacterium,pseudodiphtheriticum,2,1273,0,True,True,True
Corynebacterium,pseudotuberculosis,35,1262,0,True,True,True
Corynebacterium,simulans,3,1284,0,True,True,True
Corynebacterium,ulcerans,14,1285,0,True,True,True
Corynebacterium,urealyticum,2,1267,0,True,True,True
Corynebacterium,vitaeruminis,2,1279,0,True,True,True
Corynebacterium,xerosis,2,1264,0,True,True,True
Coxiella,burnetii,25,592,0,True,True,True
Crocosphaera,watsonii,6,1040,0,True,True,True
Cronobacter,condimenti,2,1351,0,True,True,True
Cronobacter,dublinensis,6,1354,0,True,True,True
Cronobacter,malonaticus,11,1357,0,True,True,True
Cronobacter,muytjensii,2,1355,0,True,True,True
Cronobacter,sakazakii,45,1353,0,True,True,True
Cronobacter,turicensis,4,1356,0,True,True,True
Cronobacter,universalis,3,1352,0,True,True,True
Cupriavidus,metallidurans,7,66,0,True,True,True
Cupriavidus,necator,3,64,0,True,True,True
Cupriavidus,taiwanensis,2,65,0,True,True,True
Curtobacterium,flaccumfaciens,2,1427,0,True,True,True
Curtobacterium,oceanosedimentum,2,1428,0,True,True,True
Dehalococcoides,mccartyi,17,1432,0,True,True,True
Deinococcus,radiodurans,3,969,0,True,True,True
Deinococcus,wulumuqiensis,2,970,0,True,True,True
Dermabacter,hominis,2,1415,0,True,True,True
Desulfitobacterium,hafniense,6,1430,0,True,True,True
Desulfotomaculum,nigrificans,2,1155,0,True,True,True
Desulfovibrio,africanus,3,218,0,True,True,True
Desulfovibrio,alaskensis,2,703,0,True,True,True
Desulfovibrio,gigas,2,704,0,True,True,True
Desulfovibrio,hydrothermalis,2,706,0,True,True,True
Desulfovibrio,vulgaris,3,705,0,True,True,True
Dialister,micraerophilus,2,762,0,True,True,True
Dichelobacter,nodosus,2,702,0,True,True,True
Dickeya,chrysanthemi,4,942,0,True,True,True
Dickeya,dadantii,4,943,0,True,True,True
Dickeya,dianthicola,5,944,0,True,True,True
Dickeya,solani,11,946,0,True,True,True
Dickeya,zeae,10,945,0,True,True,True
Dietzia,cinnamea,2,803,0,True,True,True
Dolichospermum,circinale,2,900,0,True,True,True
Dorea,formicigenerans,2,717,0,True,True,True
Dyella,japonica,2,19,0,True,True,True
Dysgonomonas,mossii,2,1008,0,True,True,True
Edwardsiella,anguillarum,4,477,0,True,True,True
Edwardsiella,ictaluri,3,476,0,True,True,True
Edwardsiella,tarda,5,475,0,True,True,True
Eggerthella,lenta,2,78,0,True,True,True
Eggerthia,catenaformis,2,1106,0,True,True,True
Ehrlichia,chaffeensis,9,722,0,True,True,True
Ehrlichia,muris,2,723,0,True,True,True
Ehrlichia,ruminantium,4,721,0,True,True,True
Eikenella,corrodens,2,397,0,True,True,True
Elizabethkingia,anophelis,20,1216,0,True,True,True
Elizabethkingia,meningoseptica,3,1215,0,True,True,True
Endozoicomonas,elysicola,2,564,0,True,True,True
Endozoicomonas,montiporae,2,565,0,True,True,True
Enhydrobacter,aerosaccus,2,1350,0,True,True,True
Enterobacter,asburiae,31,415,0,True,True,True
Enterobacter,cancerogenus,5,414,0,True,True,True
Enterobacter,cloacae,98,412,0,True,True,True
Enterobacter,hormaechei,192,413,0,True,False,False
Enterobacter,ludwigii,2,416,0,True,True,True
Enterobacter,xiangfangensis,10,413,0,True,False,False
Enterococcus,asini,2,1013,0,True,True,True
Enterococcus,avium,2,1015,0,True,True,True
Enterococcus,caccae,2,1032,0,True,True,True
Enterococcus,casseliflavus,9,1028,0,True,True,True
Enterococcus,cecorum,11,1022,0,True,True,True
Enterococcus,columbae,3,1020,0,True,True,True
Enterococcus,dispar,2,1023,0,True,True,True
Enterococcus,durans,6,1024,0,True,True,True
Enterococcus,faecalis,433,1016,0,True,True,True
Enterococcus,faecium,412,1017,0,True,True,True
Enterococcus,gallinarum,5,1018,0,True,True,True
Enterococcus,gilvus,2,1026,0,True,True,True
Enterococcus,haemoperoxidus,2,1035,0,True,True,True
Enterococcus,hirae,6,1019,0,True,True,True
Enterococcus,malodoratus,2,1029,0,True,True,True
Enterococcus,moraviensis,2,1034,0,True,True,True
Enterococcus,mundtii,5,1025,0,True,True,True
Enterococcus,pallens,2,1027,0,True,True,True
Enterococcus,phoeniculicola,2,1033,0,True,True,True
Enterococcus,raffinosus,3,1030,0,True,True,True
Enterococcus,saccharolyticus,2,1014,0,True,True,True
Enterococcus,sulfureus,2,1021,0,True,True,True
Enterococcus,villorum,2,1031,0,True,True,True
Enterovibrio,calviensis,3,1310,0,True,True,True
Enterovibrio,norvegicus,3,1311,0,True,True,True
Eremococcus,coleocola,2,1097,0,True,True,True
Erwinia,amylovora,14,420,0,True,True,True
Erwinia,billingiae,2,421,0,True,True,True
Erwinia,iniecta,2,422,0,True,True,True
Erwinia,pyrifoliae,2,423,0,True,True,True
Erwinia,tracheiphila,2,419,0,True,True,True
Erysipelatoclostridium,[Clostridium] innocuum,2,280,0,True,True,True
Erysipelothrix,rhusiopathiae,4,1208,0,True,True,True
Erythrobacter,marinus,2,802,0,True,True,True
Escherichia,albertii,32,426,0,True,True,True
Escherichia,coli,4221,424,0,True,True,True
Escherichia,fergusonii,6,425,0,True,True,True
Exiguobacterium,antarcticum,2,878,0,True,True,True
Exiguobacterium,pavilionensis,2,877,0,True,True,True
Exiguobacterium,undae,2,879,0,True,True,True
Facklamia,hominis,2,966,0,True,True,True
Faecalitalea,cylindroides,2,531,0,True,True,True
Ferrimicrobium,acidiphilum,2,124,0,True,True,True
Fibrobacter,succinogenes,2,649,0,True,True,True
Filomicrobium,marinum,2,164,0,True,True,True
Finegoldia,magna,6,387,0,True,True,True
Flavobacterium,cauense,2,156,0,True,True,True
Flavobacterium,enshiense,2,157,0,True,True,True
Flavobacterium,psychrophilum,23,158,0,True,True,True
Flavobacterium,rivuli,2,159,0,True,True,True
Flavobacterium,subsaxonicum,2,155,0,True,True,True
Flavobacterium,suncheonense,2,160,0,True,True,True
Flavonifractor,plautii,2,47,0,True,True,True
Fluoribacter,dumoffii,3,322,0,True,True,True
Francisella,noatunensis,6,167,0,True,True,True
Francisella,philomiragia,8,166,0,True,True,True
Francisella,tularensis,95,165,0,True,True,True
Franconibacter,helveticus,4,493,0,True,True,True
Franconibacter,pulveris,4,492,0,True,True,True
Fructobacillus,fructosus,3,51,0,True,True,True
Fulvimarina,pelagi,2,292,0,True,True,True
Fusobacterium,gonidiaformans,2,694,0,True,True,True
Fusobacterium,hwasookii,8,698,0,True,True,True
Fusobacterium,necrophorum,29,696,0,True,True,True
Fusobacterium,nucleatum,34,695,0,True,True,True
Fusobacterium,ulcerans,2,697,0,True,True,True
Gallibacterium,anatis,22,1412,0,True,True,True
Gardnerella,vaginalis,42,491,0,True,True,True
Gemella,sanguinis,2,1047,0,True,True,True
Geobacillus,caldoxylosilyticus,3,163,0,True,True,True
Geobacillus,kaustophilus,2,222,0,True,True,True
Geobacillus,stearothermophilus,10,221,0,True,True,True
Geobacillus,thermodenitrificans,2,219,0,True,True,True
Geobacillus,thermoglucosidasius,5,161,0,True,True,True
Geobacillus,thermoleovorans,3,220,0,True,True,True
Geobacillus,toebii,2,162,0,True,True,True
Geobacter,metallireducens,2,1187,0,True,True,True
Geobacter,sulfurreducens,3,1186,0,True,True,True
Glaciecola,pallidula,2,1010,0,True,True,True
Gluconacetobacter,diazotrophicus,2,1149,0,True,True,True
Gluconobacter,albidus,2,309,0,True,True,True
Gluconobacter,oxydans,8,307,0,True,True,True
Gluconobacter,thailandicus,4,308,0,True,True,True
Glycomyces,tenuis,2,576,0,True,True,True
Gordonia,alkanivorans,3,6,0,True,True,True
Gordonia,amicalis,2,9,0,True,True,True
Gordonia,hirsuta,2,8,0,True,True,True
Gordonia,polyisoprenivorans,3,7,0,True,True,True
Gordonia,sihwensis,2,4,0,True,True,True
Gordonia,terrae,2,5,0,True,True,True
Granulibacter,bethesdensis,4,1413,0,True,True,True
Granulicoccus,phenolivorans,2,1259,0,True,True,True
Grimontia,hollisae,2,830,0,True,True,True
Haemophilus,[Haemophilus] parasuis,24,730,0,True,True,True
Haemophilus,haemolyticus,6,553,0,True,True,True
Haemophilus,influenzae,109,554,0,True,True,True
Haemophilus,parahaemolyticus,2,556,0,True,True,True
Haemophilus,parainfluenzae,16,555,0,True,True,True
Haemophilus,sputorum,2,557,0,True,True,True
Hafnia,alvei,7,427,0,True,True,True
Halomonas,anticariensis,2,540,0,True,True,True
Halomonas,huangheensis,2,541,0,True,True,True
Hamiltonella,defensa,3,1254,0,True,True,True
Helicobacter,ailurogastricus,4,135,0,True,True,True
Helicobacter,bilis,7,134,0,True,True,True
Helicobacter,bizzozeronii,2,137,0,True,True,True
Helicobacter,canadensis,2,129,0,True,True,True
Helicobacter,cinaedi,3,128,0,True,True,True
Helicobacter,heilmannii,5,131,0,True,True,True
Helicobacter,pullorum,5,132,0,True,True,True
Helicobacter,pylori,487,127,0,True,True,True
Helicobacter,suis,2,136,0,True,True,True
Helicobacter,trogontum,2,130,0,True,True,True
Helicobacter,typhlonius,2,133,0,True,True,True
Herbaspirillum,chlorophenolicum,2,728,0,True,True,True
Herbaspirillum,rubrisubalbicans,4,729,0,True,True,True
Herbaspirillum,seropedicae,2,727,0,True,True,True
Histophilus,somni,2,1414,0,True,True,True
Hungatella,hathewayi,3,642,0,True,True,True
Hydrogenobacter,thermophilus,2,720,0,True,True,True
Hydrogenophaga,intermedia,2,224,0,True,True,True
Hydrogenovibrio,marinus,2,138,0,True,True,True
Idiomarina,loihiensis,2,287,0,True,True,True
Intestinimonas,butyriciproducens,2,1322,0,True,True,True
Janthinobacterium,agaricidamnosum,2,715,0,True,True,True
Jejuia,pallidilutea,3,539,0,True,True,True
Jeotgalibaca,dankookensis,2,54,0,True,True,True
Jonquetella,anthropi,2,534,0,True,True,True
Kandleria,vitulina,4,1107,0,True,True,True
Ketogulonicigenium,vulgare,3,609,0,True,True,True
Kinetoplastibacterium,blastocrithidii,2,212,0,True,True,True
Kinetoplastibacterium,crithidii,2,211,0,True,True,True
Kingella,kingae,44,1153,0,True,True,True
Kitasatospora,setae,2,12,0,True,True,True
Klebsiella,[Enterobacter] aerogenes,108,429,0,True,True,True
Klebsiella,oxytoca,30,430,0,True,True,True
Klebsiella,pneumoniae,877,431,0,True,True,True
Klebsiella,variicola,6,432,0,True,True,True
Kocuria,kristinae,8,1146,0,True,True,True
Kocuria,palustris,4,82,0,True,True,True
Kocuria,rhizophila,6,83,0,True,True,True
Komagataeibacter,europaeus,5,290,0,True,True,True
Komagataeibacter,hansenii,2,288,0,True,True,True
Komagataeibacter,intermedius,2,289,0,True,True,True
Kordiimonas,gwangyangensis,2,1005,0,True,True,True
Kosakonia,radicincitans,3,1085,0,True,True,True
Kutzneria,albida,2,261,0,True,True,True
Kytococcus,sedentarius,2,86,0,True,True,True
Labrenzia,alba,3,708,0,True,True,True
Labrenzia,alexandrii,2,709,0,True,True,True
Lachnoanaerobaculum,saburreum,2,1192,0,True,True,True
Lachnobacterium,bovis,3,1039,0,True,True,True
Lachnoclostridium,[Clostridium] bolteae,7,1190,0,True,True,True
Lachnoclostridium,[Clostridium] citroniae,2,1191,0,True,True,True
Lachnoclostridium,[Clostridium] clostridioforme,9,1189,0,True,True,True
Lachnoclostridium,[Clostridium] symbiosum,3,917,0,True,True,True
Lachnoclostridium,phytofermentans,3,916,0,True,True,True
Lachnospira,multipara,2,1096,0,True,True,True
Lactobacillus,acetotolerans,2,1166,0,True,True,True
Lactobacillus,acidipiscis,3,781,0,True,True,True
Lactobacillus,acidophilus,14,1163,0,True,True,True
Lactobacillus,agilis,2,771,0,True,True,True
Lactobacillus,amylolyticus,2,1168,0,True,True,True
Lactobacillus,amylovorus,5,1167,0,True,True,True
Lactobacillus,animalis,3,772,0,True,True,True
Lactobacillus,antri,2,236,0,True,True,True
Lactobacillus,apodemi,2,778,0,True,True,True
Lactobacillus,brevis,14,766,0,True,True,True
Lactobacillus,buchneri,3,794,0,True,True,True
Lactobacillus,camelliae,2,822,0,True,True,True
Lactobacillus,casei,13,817,0,True,True,True
Lactobacillus,ceti,2,776,0,True,True,True
Lactobacillus,collinoides,3,790,0,True,True,True
Lactobacillus,composti,2,749,0,True,True,True
Lactobacillus,coryniformis,5,786,0,True,True,True
Lactobacillus,crispatus,22,1177,0,True,True,True
Lactobacillus,crustorum,2,755,0,True,True,True
Lactobacillus,curvatus,3,765,0,True,True,True
Lactobacillus,delbrueckii,29,1164,0,True,True,True
Lactobacillus,equi,3,779,0,True,True,True
Lactobacillus,equicursoris,3,1169,0,True,True,True
Lactobacillus,equigenerosi,3,238,0,True,True,True
Lactobacillus,fabifermentans,2,740,0,True,True,True
Lactobacillus,farciminis,2,752,0,True,True,True
Lactobacillus,farraginis,2,797,0,True,True,True
Lactobacillus,fermentum,18,231,0,True,True,True
Lactobacillus,floricola,2,761,0,True,True,True
Lactobacillus,florum,3,756,0,True,True,True
Lactobacillus,fructivorans,5,757,0,True,True,True
Lactobacillus,fuchuensis,2,763,0,True,True,True
Lactobacillus,gallinarum,2,1170,0,True,True,True
Lactobacillus,gastricus,2,235,0,True,True,True
Lactobacillus,gigeriorum,2,1179,0,True,True,True
Lactobacillus,hamsteri,2,1175,0,True,True,True
Lactobacillus,harbinensis,2,789,0,True,True,True
Lactobacillus,hayakitensis,2,777,0,True,True,True
Lactobacillus,helveticus,20,1165,0,True,True,True
Lactobacillus,hilgardii,2,795,0,True,True,True
Lactobacillus,hokkaidonensis,2,788,0,True,True,True
Lactobacillus,hominis,2,1178,0,True,True,True
Lactobacillus,iners,16,1160,0,True,True,True
Lactobacillus,ingluviei,3,229,0,True,True,True
Lactobacillus,jensenii,14,1171,0,True,True,True
Lactobacillus,johnsonii,9,1161,0,True,True,True
Lactobacillus,kefiranofaciens,4,1174,0,True,True,True
Lactobacillus,kisonensis,2,800,0,True,True,True
Lactobacillus,kitasatonis,2,1181,0,True,True,True
Lactobacillus,koreensis,2,770,0,True,True,True
Lactobacillus,kunkeei,16,750,0,True,True,True
Lactobacillus,lindneri,2,759,0,True,True,True
Lactobacillus,malefermentans,2,792,0,True,True,True
Lactobacillus,mali,3,784,0,True,True,True
Lactobacillus,mucosae,5,237,0,True,True,True
Lactobacillus,murinus,3,773,0,True,True,True
Lactobacillus,namurensis,2,768,0,True,True,True
Lactobacillus,nasuensis,2,820,0,True,True,True
Lactobacillus,nodensis,3,753,0,True,True,True
Lactobacillus,oris,3,232,0,True,True,True
Lactobacillus,otakiensis,2,799,0,True,True,True
Lactobacillus,panis,2,234,0,True,True,True
Lactobacillus,pantheris,3,825,0,True,True,True
Lactobacillus,parabrevis,3,769,0,True,True,True
Lactobacillus,parabuchneri,3,796,0,True,True,True
Lactobacillus,paracasei,35,818,0,True,True,True
Lactobacillus,paracollinoides,2,791,0,True,True,True
Lactobacillus,parafarraginis,3,798,0,True,True,True
Lactobacillus,paralimentarius,4,751,0,True,True,True
Lactobacillus,paraplantarum,3,739,0,True,True,True
Lactobacillus,pasteurii,2,1172,0,True,True,True
Lactobacillus,pentosus,2,737,0,True,True,True
Lactobacillus,plantarum,83,738,0,True,True,True
Lactobacillus,pobuzihii,3,782,0,True,True,True
Lactobacillus,psittaci,2,1162,0,True,True,True
Lactobacillus,reuteri,19,230,0,True,True,True
Lactobacillus,rhamnosus,54,824,0,True,True,True
Lactobacillus,rossiae,3,760,0,True,True,True
Lactobacillus,ruminis,10,774,0,True,True,True
Lactobacillus,saerimneri,3,780,0,True,True,True
Lactobacillus,sakei,7,764,0,True,True,True
Lactobacillus,salivarius,14,775,0,True,True,True
Lactobacillus,sanfranciscensis,2,758,0,True,True,True
Lactobacillus,saniviri,2,823,0,True,True,True
Lactobacillus,selangorensis,2,1182,0,True,True,True
Lactobacillus,senmaizukei,2,1173,0,True,True,True
Lactobacillus,sharpeae,2,819,0,True,True,True
Lactobacillus,similis,2,793,0,True,True,True
Lactobacillus,spicheri,2,767,0,True,True,True
Lactobacillus,sucicola,2,785,0,True,True,True
Lactobacillus,suebicus,2,787,0,True,True,True
Lactobacillus,thailandensis,2,821,0,True,True,True
Lactobacillus,ultunensis,2,1176,0,True,True,True
Lactobacillus,vaginalis,2,233,0,True,True,True
Lactobacillus,versmoldensis,2,754,0,True,True,True
Lactobacillus,vini,3,783,0,True,True,True
Lactobacillus,zeae,2,1180,0,True,True,True
Lactococcus,garvieae,14,1037,0,True,True,True
Lactococcus,lactis,77,1036,0,True,True,True
Laribacter,hongkongensis,2,392,0,True,True,True
Lawsonella,clevelandensis,2,294,0,True,True,True
Lawsonia,intracellularis,2,566,0,True,True,True
Lechevalieria,aerocolonigenes,2,827,0,True,True,True
Leclercia,adecarboxylata,3,1290,0,True,True,True
Legionella,anisa,2,314,0,True,True,True
Legionella,cherrii,2,315,0,True,True,True
Legionella,geestiana,2,317,0,True,True,True
Legionella,hackeliae,2,310,0,True,True,True
Legionella,lansingensis,2,318,0,True,True,True
Legionella,longbeachae,2,311,0,True,True,True
Legionella,massiliensis,2,313,0,True,True,True
Legionella,moravica,2,321,0,True,True,True
Legionella,oakridgensis,3,320,0,True,True,True
Legionella,pneumophila,488,312,0,True,True,True
Legionella,sainthelensi,2,316,0,True,True,True
Legionella,shakespearei,2,319,0,True,True,True
Leminorella,grimontii,2,812,0,True,True,True
Leptolinea,tardivitalis,2,646,0,True,True,True
Leptospira,alstonii,5,102,0,True,True,True
Leptospira,biflexa,2,96,0,True,True,True
Leptospira,borgpetersenii,36,98,0,True,True,True
Leptospira,interrogans,262,97,0,True,True,True
Leptospira,kirschneri,25,104,0,True,True,True
Leptospira,licerasiae,4,103,0,True,True,True
Leptospira,mayottensis,2,106,0,True,True,True
Leptospira,meyeri,2,105,0,True,True,True
Leptospira,noguchii,15,99,0,True,True,True
Leptospira,santarosai,33,100,0,True,True,True
Leptospira,weilii,16,101,0,True,True,True
Leptospirillum,ferriphilum,3,107,0,True,True,True
Leptotrichia,goodfellowii,2,433,0,True,True,True
Leptotrichia,hofstadii,2,1012,0,True,True,True
Leptotrichia,wadei,3,1011,0,True,True,True
Leucobacter,chromiiresistens,2,532,0,True,True,True
Leuconostoc,citreum,6,896,0,True,True,True
Leuconostoc,gelidum,4,898,0,True,True,True
Leuconostoc,mesenteroides,16,899,0,True,True,True
Leuconostoc,pseudomesenteroides,3,897,0,True,True,True
Liberibacter,americanus,2,903,0,True,True,True
Liberibacter,asiaticus,8,901,0,True,True,True
Liberibacter,crescens,2,902,0,True,True,True
Liberibacter,solanacearum,5,904,0,True,True,True
Listeria,fleischmannii,4,1203,0,True,True,True
Listeria,grayi,2,1199,0,True,True,True
Listeria,innocua,6,1200,0,True,True,True
Listeria,ivanovii,6,1198,0,True,True,True
Listeria,monocytogenes,624,1201,0,True,True,True
Listeria,newyorkensis,2,1204,0,True,True,True
Listeria,seeligeri,3,1202,0,True,True,True
Lonsdalea,quercina,2,1038,0,True,True,True
Lysinibacillus,fusiformis,5,919,0,True,True,True
Lysinibacillus,odysseyi,2,920,0,True,True,True
Lysinibacillus,sphaericus,8,918,0,True,True,True
Lysinimicrobium,aestuarii,3,1421,0,True,True,True
Lysinimicrobium,rhizosphaerae,3,1422,0,True,True,True
Lysobacter,antibioticus,2,49,0,True,True,True
Lysobacter,capsici,3,48,0,True,True,True
Lysobacter,defluvii,2,50,0,True,True,True
Mageeibacillus,indolicus,2,713,0,True,True,True
Mannheimia,haemolytica,30,125,0,True,True,True
Mannheimia,varigena,3,126,0,True,True,True
Marinagarivorans,algicola,2,217,0,True,True,True
Marinilabilia,salmonicolor,2,260,0,True,True,True
Marinobacter,hydrocarbonoclasticus,2,538,0,True,True,True
Mariprofundus,ferrooxydans,3,364,0,True,True,True
Megasphaera,elsdenii,4,714,0,True,True,True
Meiothermus,ruber,4,10,0,True,True,True
Melissococcus,plutonius,13,874,0,True,True,True
Mesoplasma,florum,2,861,0,True,True,True
Mesorhizobium,ciceri,4,548,0,True,True,True
Mesorhizobium,plurifarium,3,547,0,True,True,True
Methylacidiphilum,fumariolicum,2,1321,0,True,True,True
Methylobacter,tundripaludum,3,293,0,True,True,True
Methylobacterium,aquaticum,3,284,0,True,True,True
Methylobacterium,extorquens,5,804,0,True,True,True
Methylobacterium,platani,2,285,0,True,True,True
Methylobacterium,radiotolerans,5,286,0,True,True,True
Methylococcus,capsulatus,3,291,0,True,True,True
Methyloversatilis,discipulorum,2,1046,0,True,True,True
Methyloversatilis,universalis,2,1045,0,True,True,True
Microbacterium,oleivorans,2,832,0,True,True,True
Microbacterium,testaceum,4,831,0,True,True,True
Micrococcus,luteus,12,914,0,True,True,True
Microcystis,aeruginosa,17,839,0,True,True,True
Microthrix,parvicella,2,736,0,True,True,True
Mobiluncus,curtisii,4,2,1,True,True,False
Mobiluncus,mulieris,4,3,0,True,True,True
Moellerella,wisconsensis,2,841,0,True,True,True
Moorella,thermoacetica,4,905,0,True,True,True
Moranella,endobia,2,108,0,True,True,True
Moraxella,catarrhalis,23,354,0,True,True,True
Morganella,morganii,15,434,0,True,True,True
Moritella,marina,2,549,0,True,True,True
Mycetocola,saprophilus,2,701,0,True,True,True
Mycobacterium,abscessus,241,644,0,True,True,True
Mycobacterium,africanum,22,1302,0,True,False,False
Mycobacterium,avium,91,1298,0,True,True,True
Mycobacterium,bovis,66,1302,0,True,False,False
Mycobacterium,canettii,5,1306,0,True,True,True
Mycobacterium,chimaera,2,1297,0,True,True,True
Mycobacterium,chlorophenolicum,2,852,0,True,True,True
Mycobacterium,fortuitum,3,843,0,True,True,True
Mycobacterium,gilvum,2,849,0,True,True,True
Mycobacterium,haemophilum,5,1307,0,True,True,True
Mycobacterium,hassiacum,2,854,0,True,True,True
Mycobacterium,immunogenum,13,643,0,True,True,True
Mycobacterium,intracellulare,9,1299,1,True,True,False
Mycobacterium,kansasii,8,1300,0,True,True,True
Mycobacterium,kyorinense,2,1305,0,True,True,True
Mycobacterium,leprae,2,1301,0,True,True,True
Mycobacterium,lepromatosis,2,1308,0,True,True,True
Mycobacterium,marinum,4,1303,0,True,True,True
Mycobacterium,mucogenicum,2,855,0,True,True,True
Mycobacterium,nebraskense,2,1309,0,True,True,True
Mycobacterium,neoaurum,5,846,0,True,True,True
Mycobacterium,obuense,2,850,0,True,True,True
Mycobacterium,phlei,6,844,0,True,True,True
Mycobacterium,senegalense,2,847,0,True,True,True
Mycobacterium,setense,2,853,0,True,True,True
Mycobacterium,simiae,2,1304,0,True,True,True
Mycobacterium,smegmatis,8,845,0,True,True,True
Mycobacterium,thermoresistibile,2,848,0,True,True,True
Mycobacterium,tuberculosis,3486,1302,0,True,False,False
Mycobacterium,vaccae,2,851,0,True,True,True
Mycoplasma,arginini,2,23,0,True,True,True
Mycoplasma,bovis,8,40,0,True,True,True
Mycoplasma,californicum,2,379,0,True,True,True
Mycoplasma,canis,7,42,0,True,True,True
Mycoplasma,capricolum,10,24,0,True,True,True
Mycoplasma,columbinum,2,378,0,True,True,True
Mycoplasma,fermentans,3,34,0,True,True,True
Mycoplasma,flocculare,2,38,0,True,True,True
Mycoplasma,gallisepticum,12,25,0,True,True,True
Mycoplasma,genitalium,6,26,0,True,True,True
Mycoplasma,haemofelis,2,41,0,True,True,True
Mycoplasma,hominis,11,27,0,True,True,True
Mycoplasma,hyopneumoniae,6,28,0,True,True,True
Mycoplasma,hyorhinis,6,29,0,True,True,True
Mycoplasma,hyosynoviae,7,43,0,True,True,True
Mycoplasma,iowae,2,35,0,True,True,True
Mycoplasma,leachii,2,31,0,True,True,True
Mycoplasma,meleagridis,2,44,0,True,True,True
Mycoplasma,mycoides,15,30,0,True,True,True
Mycoplasma,pirum,2,36,0,True,True,True
Mycoplasma,pneumoniae,54,32,0,True,True,True
Mycoplasma,putrefaciens,2,37,0,True,True,True
Mycoplasma,suis,2,22,0,True,True,True
Mycoplasma,synoviae,4,33,0,True,True,True
Mycoplasma,yeatsii,2,39,0,True,True,True
Myroides,marinus,3,807,0,True,True,True
Myroides,odoratimimus,8,806,0,True,True,True
Myroides,odoratus,2,805,0,True,True,True
Myxococcus,xanthus,3,20,0,True,True,True
Nautella,italica,3,1099,0,True,True,True
Neisseria,elongata,4,362,0,True,True,True
Neisseria,gonorrhoeae,326,357,0,True,True,True
Neisseria,lactamica,6,358,0,True,True,True
Neisseria,meningitidis,721,359,0,True,True,True
Neisseria,mucosa,2,360,0,True,True,True
Neisseria,polysaccharea,2,361,0,True,True,True
Neisseria,weaveri,2,363,0,True,True,True
Neorhizobium,galegae,10,1214,0,True,True,True
Nereida,ignava,2,1193,0,True,True,True
Nitratireductor,aquibiodomus,2,67,0,True,True,True
Nitrosococcus,oceani,4,881,0,True,True,True
Nocardia,arizonensis,2,1329,0,True,True,True
Nocardia,carnea,2,1331,0,True,True,True
Nocardia,farcinica,3,1332,0,True,True,True
Nocardia,jinanensis,2,1334,0,True,True,True
Nocardia,otitidiscaviarum,2,1328,0,True,True,True
Nocardia,rhamnosiphila,3,1327,0,True,True,True
Nocardia,seriolae,3,1333,0,True,True,True
Nocardia,vulneris,2,1330,0,True,True,True
Nocardiopsis,alba,2,1426,0,True,True,True
Nocardiopsis,dassonvillei,2,1425,0,True,True,True
Nodularia,spumigena,2,1147,0,True,True,True
Nonlabens,ulvanivorans,6,716,0,True,True,True
Novosphingobium,nitrogenifigens,2,1366,0,True,True,True
Novosphingobium,pentaromativorans,2,1365,0,True,True,True
Novosphingobium,subterraneum,2,1367,0,True,True,True
Oblitimonas,alkaliphila,7,109,0,True,True,True
Oceanobacillus,picturae,2,303,0,True,True,True
Ochrobactrum,anthropi,6,390,0,True,True,True
Ochrobactrum,intermedium,3,149,0,True,True,True
Oenococcus,kitaharae,2,867,0,True,True,True
Oenococcus,oeni,59,868,0,True,True,True
Oligella,urethralis,2,70,0,True,True,True
Oligotropha,carboxidovorans,3,880,0,True,True,True
Olsenella,uli,3,615,0,True,True,True
Oribacterium,parvum,2,1314,0,True,True,True
Orientia,tsutsugamushi,8,1411,0,True,True,True
Ornithobacterium,rhinotracheale,3,1194,0,True,True,True
Paenarthrobacter,nicotinovorans,2,79,0,True,True,True
Paenibacillus,darwinianus,3,892,0,True,True,True
Paenibacillus,durus,2,890,0,True,True,True
Paenibacillus,elgii,2,886,0,True,True,True
Paenibacillus,glucanolyticus,2,889,0,True,True,True
Paenibacillus,graminis,2,885,0,True,True,True
Paenibacillus,larvae,4,888,0,True,True,True
Paenibacillus,massiliensis,2,893,0,True,True,True
Paenibacillus,mucilaginosus,3,891,0,True,True,True
Paenibacillus,pini,2,894,0,True,True,True
Paenibacillus,pinihumi,2,895,0,True,True,True
Paenibacillus,polymyxa,15,887,0,True,True,True
Paenibacillus,riograndensis,4,884,0,True,True,True
Paeniclostridium,sordellii,41,365,0,True,True,True
Pandoraea,apista,4,809,0,True,True,True
Pandoraea,pnomenusa,7,810,0,True,True,True
Pannonibacter,phragmitetus,2,406,0,True,True,True
Pantoea,agglomerans,12,59,0,True,True,True
Pantoea,ananatis,16,60,0,True,True,True
Pantoea,carbekii,2,63,0,True,True,True
Pantoea,dispersa,10,62,0,True,True,True
Pantoea,stewartii,10,61,0,True,True,True
Parabacteroides,distasonis,9,371,0,True,True,True
Parabacteroides,goldsteinii,4,372,0,True,True,True
Parabacteroides,gordonii,2,373,0,True,True,True
Parabacteroides,johnsonii,2,374,0,True,True,True
Parabacteroides,merdae,3,375,0,True,True,True
Paraburkholderia,andropogonis,2,388,0,True,True,True
Paraburkholderia,caribensis,2,1317,0,True,True,True
Paraburkholderia,fungorum,2,1318,0,True,True,True
Paraburkholderia,kururiensis,2,1316,0,True,True,True
Paraburkholderia,mimosarum,3,1315,0,True,True,True
Paraburkholderia,phenoliruptrix,2,1320,0,True,True,True
Paraburkholderia,xenovorans,2,1319,0,True,True,True
Parachlamydia,acanthamoebae,4,1195,0,True,True,True
Paraclostridium,bifermentans,3,355,0,True,True,True
Paracoccus,pantotrophus,2,168,0,True,True,True
Paracoccus,sanguinis,4,169,0,True,True,True
Paraglaciecola,psychrophila,2,1157,0,True,True,True
Parascardovia,denticolens,4,1152,0,True,True,True
Parvimonas,micra,3,441,0,True,True,True
Pasteurella,[Pasteurella] pneumotropica,2,81,0,True,True,True
Pasteurella,multocida,36,563,0,True,True,True
Pectobacterium,atrosepticum,7,1114,0,True,True,True
Pectobacterium,betavasculorum,2,1116,0,True,True,True
Pectobacterium,carotovorum,35,"1112, 1113, 1110, 1111",0,False,False,False
Pectobacterium,wasabiae,6,"1115, 1117",0,False,False,False
Pediococcus,acidilactici,8,906,0,True,True,True
Pediococcus,claussenii,2,909,0,True,True,True
Pediococcus,damnosus,7,908,0,True,True,True
Pediococcus,pentosaceus,8,907,0,True,True,True
Pedobacter,heparinus,2,442,0,True,True,True
Pelagibacter,ubique,5,1206,0,True,True,True
Pelosinus,fermentans,3,614,0,True,True,True
Peptoniphilus,harei,2,368,0,True,True,True
Peptoniphilus,lacrimalis,2,367,0,True,True,True
Peptostreptococcus,anaerobius,5,911,0,True,True,True
Phaeobacter,gallaeciensis,2,1098,0,True,True,True
Photobacterium,angustum,14,494,0,True,True,True
Photobacterium,damselae,2,497,0,True,True,True
Photobacterium,gaetbulicola,2,495,0,True,True,True
Photobacterium,iliopiscarium,2,498,0,True,True,True
Photobacterium,kishitanii,6,499,0,True,True,True
Photobacterium,leiognathi,6,496,0,True,True,True
Photorhabdus,luminescens,7,"624, 623",0,False,False,False
Photorhabdus,temperata,4,622,1,True,True,False
Phytoplasma,australiense,2,856,0,True,True,True
Piscirickettsia,salmonis,11,882,0,True,True,True
Planktothrix,prolifica,2,808,0,True,True,True
Planomicrobium,glaciei,2,370,0,True,True,True
Plesiomonas,shigelloides,2,546,0,True,True,True
Pluralibacter,gergoviae,11,1084,0,True,True,True
Pontibacillus,halophilus,2,295,0,True,True,True
Pontibacillus,marinus,2,296,0,True,True,True
Porphyromonas,asaccharolytica,2,655,0,True,True,True
Porphyromonas,cangingivalis,3,656,0,True,True,True
Porphyromonas,canoris,2,657,0,True,True,True
Porphyromonas,catoniae,2,652,0,True,True,True
Porphyromonas,crevioricanis,4,650,0,True,True,True
Porphyromonas,gingivalis,18,651,0,True,True,True
Porphyromonas,gingivicanis,2,659,0,True,True,True
Porphyromonas,gulae,12,658,0,True,True,True
Porphyromonas,macacae,5,654,0,True,True,True
Porphyromonas,uenonis,2,653,0,True,True,True
Portiera,aleyrodidarum,5,45,0,True,True,True
Prevotella,albensis,2,684,0,True,True,True
Prevotella,amnii,5,661,0,True,True,True
Prevotella,baroniae,3,667,0,True,True,True
Prevotella,bivia,7,671,0,True,True,True
Prevotella,brevis,2,664,0,True,True,True
Prevotella,bryantii,2,670,0,True,True,True
Prevotella,buccae,2,672,0,True,True,True
Prevotella,buccalis,2,673,0,True,True,True
Prevotella,corporis,3,674,0,True,True,True
Prevotella,dentalis,2,669,0,True,True,True
Prevotella,denticola,5,675,0,True,True,True
Prevotella,disiens,4,676,0,True,True,True
Prevotella,enoeca,2,666,0,True,True,True
Prevotella,fusca,2,689,0,True,True,True
Prevotella,histicola,3,683,0,True,True,True
Prevotella,intermedia,4,677,0,True,True,True
Prevotella,loescheii,3,660,0,True,True,True
Prevotella,maculosa,3,686,0,True,True,True
Prevotella,marshii,2,662,0,True,True,True
Prevotella,micans,3,663,0,True,True,True
Prevotella,nanceiensis,2,690,0,True,True,True
Prevotella,nigrescens,3,678,0,True,True,True
Prevotella,oralis,3,679,0,True,True,True
Prevotella,oris,4,680,0,True,True,True
Prevotella,oulorum,2,681,0,True,True,True
Prevotella,paludivivens,2,685,0,True,True,True
Prevotella,pleuritidis,2,687,0,True,True,True
Prevotella,saccharolytica,2,668,0,True,True,True
Prevotella,salivae,2,688,0,True,True,True
Prevotella,timonensis,5,665,0,True,True,True
Prevotella,veroralis,3,682,0,True,True,True
Prochlorococcus,marinus,29,876,0,True,True,True
Profftella,armatura,2,608,0,True,True,True
Prolixibacter,bellariivorans,2,735,0,True,True,True
Propionibacterium,acidifaciens,2,1293,0,True,True,True
Propionibacterium,acidipropionici,4,1100,0,True,True,True
Propionibacterium,acnes,98,1103,0,True,True,True
Propionibacterium,avidum,6,1101,0,True,True,True
Propionibacterium,freudenreichii,23,1292,0,True,True,True
Propionibacterium,granulosum,2,1102,0,True,True,True
Propionibacterium,humerusii,4,1104,0,True,True,True
Propionibacterium,propionicum,2,1105,0,True,True,True
Propionimicrobium,lymphophilum,2,279,0,True,True,True
Proteus,mirabilis,48,435,0,True,True,True
Protochlamydia,amoebophila,2,1154,0,True,True,True
Providencia,alcalifaciens,9,438,0,True,True,True
Providencia,rettgeri,2,436,0,True,True,True
Providencia,stuartii,7,437,0,True,True,True
Pseudoalteromonas,haloplanktis,6,,6,False,False,False
Pseudoalteromonas,luteoviolacea,10,1435,0,True,True,True
Pseudoalteromonas,piscicida,4,1436,0,True,True,True
Pseudoalteromonas,porphyrae,2,1438,0,True,True,True
Pseudoalteromonas,ruthenica,3,1437,0,True,True,True
Pseudobacteroides,cellulosolvens,2,1416,0,True,True,True
Pseudomonas,abietaniphila,2,209,0,True,True,True
Pseudomonas,aeruginosa,1547,178,0,True,True,True
Pseudomonas,agarici,2,202,0,True,True,True
Pseudomonas,alcaligenes,4,189,0,True,True,True
Pseudomonas,amygdali,29,206,0,True,True,True
Pseudomonas,avellanae,6,201,0,True,True,True
Pseudomonas,balearica,3,185,0,True,True,True
Pseudomonas,chlororaphis,11,205,0,True,True,True
Pseudomonas,citronellolis,3,196,0,True,True,True
Pseudomonas,coronafaciens,9,197,0,True,True,True
Pseudomonas,corrugata,4,207,0,True,True,True
Pseudomonas,denitrificans,9,190,0,True,True,True
Pseudomonas,fluorescens,38,179,0,True,True,True
Pseudomonas,fragi,2,180,0,True,True,True
Pseudomonas,fulva,2,208,0,True,True,True
Pseudomonas,fuscovaginae,6,186,0,True,True,True
Pseudomonas,helleri,2,193,0,True,True,True
Pseudomonas,mediterranea,5,194,0,True,True,True
Pseudomonas,monteilii,2,191,0,True,True,True
Pseudomonas,nitroreducens,2,203,0,True,True,True
Pseudomonas,parafulva,4,187,0,True,True,True
Pseudomonas,plecoglossicida,3,200,0,True,True,True
Pseudomonas,poae,2,195,0,True,True,True
Pseudomonas,pseudoalcaligenes,2,181,0,True,True,True
Pseudomonas,psychrophila,2,210,0,True,True,True
Pseudomonas,psychrotolerans,12,177,0,True,True,True
Pseudomonas,putida,28,182,0,True,True,True
Pseudomonas,savastanoi,25,198,0,True,True,True
Pseudomonas,stutzeri,14,183,0,True,True,True
Pseudomonas,syringae,114,184,0,True,True,True
Pseudomonas,syringae group genomosp. 7,2,204,0,True,True,True
Pseudomonas,thermotolerans,2,188,0,True,True,True
Pseudomonas,tolaasii,2,199,0,True,True,True
Pseudomonas,veronii,4,192,0,True,True,True
Pseudorhodobacter,ferrugineus,2,875,0,True,True,True
Pseudothermotoga,elfii,2,1120,0,True,True,True
Pseudothermotoga,hypogea,2,1119,0,True,True,True
Pseudoxanthomonas,suwonensis,3,1258,0,True,True,True
Psychrobacter,phenylpyruvicus,2,369,0,True,True,True
Rahnella,aquatilis,4,915,0,True,True,True
Raoultella,ornithinolytica,7,719,0,True,True,True
Raoultella,planticola,4,718,0,True,True,True
Rathayibacter,toxicus,4,834,0,True,True,True
Regiella,insecticola,2,1255,0,True,True,True
Rhizobium,alamii,2,275,0,True,True,True
Rhizobium,etli,6,276,0,True,True,True
Rhizobium,leguminosarum,27,274,0,True,True,True
Rhizobium,mesoamericanum,2,277,0,True,True,True
Rhodanobacter,denitrificans,3,1184,0,True,True,True
Rhodanobacter,thiooxydans,2,1185,0,True,True,True
Rhodobacter,capsulatus,9,813,0,True,True,True
Rhodobacter,sphaeroides,7,814,0,True,True,True
Rhodococcus,equi,4,1338,0,True,True,True
Rhodococcus,erythropolis,9,1337,0,True,True,True
Rhodococcus,fascians,21,1335,0,True,True,True
Rhodococcus,pyridinivorans,3,1339,0,True,True,True
Rhodococcus,qingshengii,3,1340,0,True,True,True
Rhodococcus,ruber,3,1336,0,True,True,True
Rhodonellum,psychrophilum,2,726,0,True,True,True
Rhodopirellula,baltica,4,968,0,True,True,True
Rhodopirellula,europaea,2,967,0,True,True,True
Rhodospirillum,rubrum,2,826,0,True,True,True
Rhodothermus,marinus,3,707,0,True,True,True
Rhodovulum,sulfidophilum,4,883,0,True,True,True
Richelia,intracellularis,2,77,0,True,True,True
Rickettsia,amblyommii,4,600,0,True,True,True
Rickettsia,australis,2,598,0,True,True,True
Rickettsia,bellii,4,601,0,True,True,True
Rickettsia,canadensis,2,599,0,True,True,True
Rickettsia,conorii,3,594,0,True,True,True
Rickettsia,felis,4,603,0,True,True,True
Rickettsia,hoogstraalii,2,593,0,True,True,True
Rickettsia,japonica,2,604,0,True,True,True
Rickettsia,parkeri,4,605,0,True,True,True
Rickettsia,prowazekii,12,595,0,True,True,True
Rickettsia,rhipicephali,2,602,0,True,True,True
Rickettsia,rickettsii,10,596,0,True,True,True
Rickettsia,sibirica,3,606,0,True,True,True
Rickettsia,slovaca,2,607,0,True,True,True
Rickettsia,typhi,3,597,0,True,True,True
Riemerella,anatipestifer,13,1007,0,True,True,True
Roseburia,inulinivorans,2,692,0,True,True,True
Roseomonas,mucosa,2,216,0,True,True,True
Rothia,aeria,2,1143,0,True,True,True
Rothia,dentocariosa,6,1144,0,True,True,True
Rothia,mucilaginosa,18,1145,0,True,True,True
Rubrivivax,benzoatilyticus,2,1109,0,True,True,True
Rubrivivax,gelatinosus,2,1108,0,True,True,True
Ruegeria,atlantica,2,613,0,True,True,True
Ruegeria,mobilis,2,478,0,True,True,True
Ruminiclostridium,[Clostridium] clariflavum,2,537,0,True,True,True
Ruminiclostridium,[Clostridium] josui,2,1009,0,True,True,True
Ruminiclostridium,[Clostridium] stercorarium,2,535,0,True,True,True
Ruminiclostridium,[Eubacterium] siraeum,2,1,0,True,True,True
Ruminiclostridium,thermocellum,7,536,0,True,True,True
Ruminococcus,albus,4,912,0,True,True,True
Ruminococcus,champanellensis,2,913,0,True,True,True
Ruminococcus,lactaris,2,1313,0,True,True,True
Ruthia,magnifica,2,1207,0,True,True,True
Saccharicrinis,fermentans,2,113,0,True,True,True
Saccharomonospora,azurea,2,1358,0,True,True,True
Saccharomonospora,viridis,2,1359,0,True,True,True
Saccharopolyspora,erythraea,3,1348,0,True,True,True
Saccharopolyspora,rectivirgula,2,1349,0,True,True,True
Salinibacter,ruber,2,1148,0,True,True,True
Salinispora,arenicola,44,570,0,True,True,True
Salinispora,pacifica,37,"567, 568, 569, 572, 573",0,False,False,False
Salinispora,tropica,11,571,0,True,True,True
Salinivibrio,socompensis,2,95,0,True,True,True
Salmonella,bongori,3,440,0,True,True,True
Salmonella,enterica,4650,439,0,True,True,True
Sanguibacteroides,justesenii,2,693,0,True,True,True
Scardovia,inopinata,2,1151,0,True,True,True
Scardovia,wiggsiae,2,1150,0,True,True,True
Selenomonas,artemidis,2,734,0,True,True,True
Selenomonas,bovis,2,733,0,True,True,True
Selenomonas,noxia,2,731,0,True,True,True
Selenomonas,sputigena,2,732,0,True,True,True
Serratia,fonticola,6,448,0,True,True,True
Serratia,grimesii,2,445,0,True,True,True
Serratia,liquefaciens,5,443,0,True,True,True
Serratia,marcescens,282,444,0,True,True,True
Serratia,plymuthica,8,446,0,True,True,True
Serratia,rubidaea,3,447,0,True,True,True
Serratia,symbiotica,2,449,0,True,True,True
Shewanella,algae,4,15,0,True,True,True
Shewanella,baltica,9,14,0,True,True,True
Shewanella,frigidimarina,2,16,0,True,True,True
Shewanella,putrefaciens,3,13,0,True,True,True
Shigella,boydii,13,450,0,True,True,True
Shigella,dysenteriae,6,451,0,True,True,True
Shigella,flexneri,104,452,0,True,True,True
Shigella,sonnei,563,453,0,True,True,True
Shimwellia,blattae,2,110,0,True,True,True
Simiduia,agarivorans,2,742,0,True,True,True
Singulisphaera,acidiphila,2,910,0,True,True,True
Sinorhizobium,fredii,10,1122,0,True,True,True
Sinorhizobium,medicae,6,1124,0,True,True,True
Sinorhizobium,meliloti,28,1123,0,True,True,True
Smaragdicoccus,niigatensis,2,577,0,True,True,True
Snodgrassella,alvi,2,1183,0,True,True,True
Solibacillus,silvestris,2,1196,0,True,True,True
Solobacterium,moorei,2,366,0,True,True,True
Sorangium,cellulosum,4,559,0,True,True,True
Sphingobacterium,spiritivorum,2,1341,0,True,True,True
Sphingobium,baderi,2,1361,0,True,True,True
Sphingobium,chlorophenolicum,3,1362,0,True,True,True
Sphingobium,herbicidovorans,2,1360,0,True,True,True
Sphingobium,xenophagum,2,1364,0,True,True,True
Sphingobium,yanoikuyae,6,1363,0,True,True,True
Sphingomonas,melonis,4,1087,0,True,True,True
Sphingomonas,paucimobilis,2,1088,0,True,True,True
Sphingomonas,wittichii,2,1086,0,True,True,True
Sphingopyxis,macrogoltabida,2,1368,0,True,True,True
Sphingopyxis,terrae,2,1369,0,True,True,True
Spirochaeta,thermophila,2,80,0,True,True,True
Spiroplasma,melliferum,2,57,0,True,True,True
Spiroplasma,mirum,2,58,0,True,True,True
Sporolactobacillus,terrae,2,18,0,True,True,True
Sporolactobacillus,vineae,2,17,0,True,True,True
Sporomusa,ovata,2,239,0,True,True,True
Staphylococcus,agnetis,2,932,0,True,True,True
Staphylococcus,aureus,6497,922,0,True,True,True
Staphylococcus,caprae,3,936,0,True,True,True
Staphylococcus,carnosus,3,923,0,True,True,True
Staphylococcus,cohnii,4,937,0,True,True,True
Staphylococcus,condimenti,2,935,0,True,True,True
Staphylococcus,epidermidis,306,924,0,True,True,True
Staphylococcus,equorum,4,921,0,True,True,True
Staphylococcus,haemolyticus,129,925,0,True,True,True
Staphylococcus,hominis,9,928,0,True,True,True
Staphylococcus,lugdunensis,11,933,0,True,True,True
Staphylococcus,massiliensis,2,940,0,True,True,True
Staphylococcus,pseudintermedius,6,939,0,True,True,True
Staphylococcus,saprophyticus,7,938,0,True,True,True
Staphylococcus,schleiferi,5,930,0,True,True,True
Staphylococcus,schweitzeri,2,941,0,True,True,True
Staphylococcus,sciuri,9,931,0,True,True,True
Staphylococcus,simulans,5,926,0,True,True,True
Staphylococcus,succinus,2,934,0,True,True,True
Staphylococcus,warneri,14,929,0,True,True,True
Staphylococcus,xylosus,5,927,0,True,True,True
Stenotrophomonas,acidaminiphila,2,1094,0,True,True,True
Stenotrophomonas,maltophilia,100,1095,0,True,True,True
Stigmatella,aurantiaca,2,21,0,True,True,True
Streptacidiphilus,albus,2,816,0,True,True,True
Streptococcus,agalactiae,622,980,0,True,True,True
Streptococcus,anginosus,12,985,0,True,True,True
Streptococcus,australis,2,1004,0,True,True,True
Streptococcus,constellatus,6,997,0,True,True,True
Streptococcus,cristatus,3,1003,0,True,True,True
Streptococcus,dysgalactiae,14,986,0,True,True,True
Streptococcus,equi,243,988,0,True,True,True
Streptococcus,equinus,7,987,0,True,True,True
Streptococcus,gallolyticus,7,1000,0,True,True,True
Streptococcus,gordonii,20,973,0,True,True,True
Streptococcus,infantarius,2,1001,0,True,True,True
Streptococcus,iniae,5,992,0,True,True,True
Streptococcus,intermedius,3,989,0,True,True,True
Streptococcus,massiliensis,2,996,0,True,True,True
Streptococcus,mitis,4,998,0,True,True,True
Streptococcus,mutans,171,981,0,True,True,True
Streptococcus,oralis,8,974,0,True,True,True
Streptococcus,parasanguinis,28,984,0,True,True,True
Streptococcus,parauberis,13,993,0,True,True,True
Streptococcus,pasteurianus,5,972,0,True,True,True
Streptococcus,phocae,2,1002,0,True,True,True
Streptococcus,pneumoniae,7099,982,0,True,True,True
Streptococcus,pseudopneumoniae,11,999,0,True,True,True
Streptococcus,pseudoporcinus,2,971,0,True,True,True
Streptococcus,pyogenes,249,983,0,True,True,True
Streptococcus,ratti,2,990,0,True,True,True
Streptococcus,salivarius,17,975,0,True,True,True
Streptococcus,sanguinis,27,976,0,True,True,True
Streptococcus,sobrinus,46,979,0,True,True,True
Streptococcus,suis,853,977,0,True,True,True
Streptococcus,thermophilus,15,978,0,True,True,True
Streptococcus,uberis,13,994,0,True,True,True
Streptococcus,urinalis,2,995,0,True,True,True
Streptococcus,vestibularis,3,991,0,True,True,True
Streptomyces,acidiscabies,3,1373,0,True,True,True
Streptomyces,albulus,4,1400,0,True,True,True
Streptomyces,albus,6,1383,0,True,True,True
Streptomyces,ambofaciens,2,1384,0,True,True,True
Streptomyces,anulatus,2,1385,0,True,True,True
Streptomyces,aureocirculatus,2,1377,0,True,True,True
Streptomyces,aureofaciens,4,11,0,True,True,True
Streptomyces,avermitilis,4,1372,0,True,True,True
Streptomyces,bicolor,2,1375,0,True,True,True
Streptomyces,bikiniensis,3,1386,0,True,True,True
Streptomyces,bottropensis,2,1374,0,True,True,True
Streptomyces,californicus,3,1379,0,True,False,False
Streptomyces,cattleya,2,1405,0,True,True,True
Streptomyces,clavuligerus,3,1387,0,True,True,True
Streptomyces,decoyicus,2,1403,0,True,True,True
Streptomyces,europaeiscabiei,3,1409,0,True,True,True
Streptomyces,exfoliatus,2,1388,0,True,True,True
Streptomyces,filamentosus,2,1378,0,True,True,True
Streptomyces,fradiae,2,1389,0,True,True,True
Streptomyces,griseoruber,2,1396,0,True,True,True
Streptomyces,griseus,4,1390,0,True,True,True
Streptomyces,hygroscopicus,6,1391,0,True,True,True
Streptomyces,leeuwenhoekii,3,1404,0,True,True,True
Streptomyces,lividans,3,1392,0,True,True,True
Streptomyces,natalensis,2,1397,0,True,True,True
Streptomyces,pluripotens,2,1401,0,True,True,True
Streptomyces,pristinaespiralis,2,1407,0,True,True,True
Streptomyces,puniceus,2,1379,0,True,False,False
Streptomyces,pyridomyceticus,2,1398,0,True,True,True
Streptomyces,resistomycificus,3,1380,0,True,True,True
Streptomyces,rimosus,33,1393,0,True,True,True
Streptomyces,rubellomurinus,2,1408,0,True,True,True
Streptomyces,ruber,2,1376,0,True,True,True
Streptomyces,scabiei,11,1394,0,True,True,True
Streptomyces,stelliscabiei,2,1410,0,True,True,True
Streptomyces,turgidiscabies,2,1402,0,True,True,True
Streptomyces,varsoviensis,2,1381,0,True,True,True
Streptomyces,venezuelae,2,1406,0,True,True,True
Streptomyces,viridochromogenes,3,1395,0,True,True,True
Streptomyces,vitaminophilus,2,1399,0,True,True,True
Streptomyces,xanthophaeus,2,1382,0,True,True,True
Streptosporangium,roseum,2,1423,0,True,True,True
Sulfitobacter,donghicola,2,562,0,True,True,True
Sulfitobacter,mediterraneus,2,561,0,True,True,True
Sulfobacillus,thermosulfidooxidans,2,1093,0,True,True,True
Sulfurimonas,gotlandica,2,94,0,True,True,True
Sulfurospirillum,cavolei,2,227,0,True,True,True
Sutterella,wadsworthensis,2,1197,0,True,True,True
Synechococcus,elongatus,2,840,0,True,True,True
Tannerella,forsythia,4,1082,0,True,True,True
Tatlockia,micdadei,2,323,0,True,True,True
Tatumella,ptyseos,2,815,0,True,True,True
Taylorella,asinigenitalis,2,710,0,True,True,True
Taylorella,equigenitalis,5,711,0,True,True,True
Tepidanaerobacter,acetatoxydans,2,1156,0,True,True,True
Tepidimonas,taiwanensis,2,1188,0,True,True,True
Teredinibacter,turnerae,9,273,0,True,True,True
Terrisporobacter,glycolicus,2,265,0,True,True,True
Tetragenococcus,halophilus,2,324,0,True,True,True
Tetragenococcus,muriaticus,3,325,0,True,True,True
Thalassobacter,stenotrophicus,2,428,0,True,True,True
Thalassobius,mediterraneus,2,46,0,True,True,True
Thalassolituus,oleivorans,2,838,0,True,True,True
Thalassospira,xiamenensis,3,741,0,True,True,True
Thauera,linaloolentis,2,215,0,True,True,True
Thermacetogenium,phaeum,2,866,0,True,True,True
Thermoanaerobacter,ethanolicus,2,1294,0,True,True,True
Thermoanaerobacter,thermocopriae,2,1295,0,True,True,True
Thermoanaerobacterium,thermosaccharolyticum,2,141,0,True,True,True
Thermobifida,fusca,3,1296,0,True,True,True
Thermodesulfobacterium,commune,2,1291,0,True,True,True
Thermodesulfovibrio,aggregans,2,1205,0,True,True,True
Thermosipho,africanus,2,264,0,True,True,True
Thermotoga,maritima,6,213,0,True,True,True
Thermotoga,neapolitana,2,214,0,True,True,True
Thermus,aquaticus,3,170,0,True,True,True
Thermus,oshimai,2,174,0,True,True,True
Thermus,parvatiensis,2,173,0,True,True,True
Thermus,scotoductus,4,172,0,True,True,True
Thermus,thermophilus,3,171,0,True,True,True
Tistrella,mobilis,2,1118,0,True,True,True
Trabulsiella,odontotermitis,7,842,0,True,True,True
Treponema,denticola,16,87,0,True,True,True
Treponema,pallidum,14,88,0,True,True,True
Treponema,pedis,6,92,0,True,True,True
Treponema,phagedenis,3,89,0,True,True,True
Treponema,socranskii,2,91,0,True,True,True
Treponema,vincentii,2,90,0,True,True,True
Tropheryma,whipplei,19,1431,0,True,True,True
Trueperella,pyogenes,4,305,0,True,True,True
Turicella,otitidis,3,1272,0,True,True,True
Ureaplasma,parvum,6,56,0,True,True,True
Ureaplasma,urealyticum,14,55,0,True,True,True
Varibaculum,cambriense,2,418,0,True,True,True
Variovorax,paradoxus,11,1006,0,True,True,True
Veillonella,atypica,4,611,0,True,True,True
Veillonella,montpellierensis,2,612,0,True,True,True
Veillonella,parvula,5,610,0,True,True,True
Verrucosispora,maris,2,454,0,True,True,True
Vibrio,albensis,3,503,0,True,False,False
Vibrio,alginolyticus,21,"513, 502",0,False,False,False
Vibrio,anguillarum,4,527,0,True,True,True
Vibrio,azureus,2,522,0,True,True,True
Vibrio,breoganii,3,521,0,True,True,True
Vibrio,campbellii,17,509,0,True,True,True
Vibrio,cholerae,437,503,0,True,False,False
Vibrio,coralliilyticus,6,515,0,True,True,True
Vibrio,crassostreae,14,501,0,True,True,True
Vibrio,cyclitrophicus,21,528,0,True,True,True
Vibrio,fluvialis,4,508,0,True,True,True
Vibrio,furnissii,3,523,0,True,True,True
Vibrio,harveyi,27,504,0,True,True,True
Vibrio,hyugaensis,3,517,0,True,True,True
Vibrio,metoecus,5,529,0,True,True,True
Vibrio,mimicus,10,506,0,True,True,True
Vibrio,natriegens,3,511,0,True,True,True
Vibrio,navarrensis,4,524,0,True,True,True
Vibrio,nereis,2,512,0,True,True,True
Vibrio,nigripulchritudo,14,519,0,True,True,True
Vibrio,orientalis,2,520,0,True,True,True
Vibrio,owensii,6,500,0,True,True,True
Vibrio,parahaemolyticus,474,505,0,True,True,True
Vibrio,renipiscarius,2,518,0,True,True,True
Vibrio,rotiferianus,3,516,0,True,True,True
Vibrio,shilonii,2,510,0,True,True,True
Vibrio,sinaloensis,4,514,0,True,True,True
Vibrio,splendidus,16,525,0,True,True,True
Vibrio,tasmaniensis,6,530,1,True,True,False
Vibrio,tubiashii,3,526,0,True,True,True
Vibrio,vulnificus,37,507,0,True,True,True
Virgibacillus,halodenitrificans,2,304,0,True,True,True
Waddlia,chondrophila,2,1429,0,True,True,True
Weissella,ceti,4,872,0,True,True,True
Weissella,cibaria,6,873,0,True,True,True
Weissella,confusa,2,870,0,True,True,True
Weissella,halotolerans,3,871,0,True,True,True
Weissella,koreensis,2,869,0,True,True,True
Wenxinia,marina,2,272,0,True,True,True
Wohlfahrtiimonas,chitiniclastica,4,691,0,True,True,True
Wolbachia,endosymbiont of Culex quinquefasciatus,2,724,0,True,True,True
Wolbachia,endosymbiont of Drosophila melanogaster,2,725,0,True,True,True
Xanthomonas,albilineans,15,246,0,True,True,True
Xanthomonas,alfalfae,3,247,0,True,False,False
Xanthomonas,arboricola,6,248,0,True,False,False
Xanthomonas,axonopodis,79,245,0,True,True,True
Xanthomonas,campestris,29,"248, 241, 251",0,False,False,False
Xanthomonas,citri,51,243,0,True,False,False
Xanthomonas,euvesicatoria,29,247,0,True,False,False
Xanthomonas,fuscans,18,243,0,True,False,False
Xanthomonas,gardneri,11,249,0,True,True,True
Xanthomonas,oryzae,25,244,0,True,True,True
Xanthomonas,perforans,33,240,0,True,True,True
Xanthomonas,sacchari,2,250,0,True,True,True
Xanthomonas,translucens,29,242,0,True,True,True
Xanthomonas,vasicola,12,251,0,True,False,False
Xanthomonas,vesicatoria,5,252,0,True,True,True
Xenorhabdus,bovienii,11,456,0,True,True,True
Xenorhabdus,nematophila,4,455,0,True,True,True
Xylella,fastidiosa,28,228,0,True,True,True
Yersinia,aldovae,6,469,0,True,True,True
Yersinia,aleksiciae,2,466,0,True,True,True
Yersinia,bercovieri,3,464,0,True,True,True
Yersinia,enterocolitica,140,461,0,True,True,True
Yersinia,frederiksenii,22,470,0,True,True,True
Yersinia,intermedia,14,462,0,True,True,True
Yersinia,kristensenii,13,468,0,True,True,True
Yersinia,mollaretii,9,460,0,True,True,True
Yersinia,pekkanenii,2,467,0,True,True,True
Yersinia,pestis,265,463,0,True,True,True
Yersinia,pseudotuberculosis,40,465,0,True,True,True
Yersinia,rohdei,6,471,0,True,True,True
Yersinia,ruckeri,9,472,0,True,True,True
Yersinia,similis,4,474,0,True,True,True
Yersinia,wautersii,3,473,0,True,True,True
Yokenella,regensburgei,2,860,0,True,True,True
Zymomonas,mobilis,9,398,0,True,True,True
